Covidence #,Study ID,Title,Reviewer Name,DOI,Title,Journal/Publisher,Publication Date,Publication Type,Country,Time of study,Objectives,Location(s),Crop(s) studied,Type of study,How were preferences determined?,List any specific scales or methods named,How was data analyzed?,Was a statistical software used?,Size of study/respondents,Value chain actors included,Grain quality traits included,Varieties listed/mentioned?,End uses mentioned,Detailed preferences discussed in the study:,1 Crop,1 Location,1 VC Actor,1 Trait,1 Preference,1 Disaggregation,1 Statistic,2 Crop,2 Location,2 VC Actor,2 Trait,2 Preference,2 Disaggregation,2 Statistic,3 Crop,3 Location,3 VC Actor,3 Trait,3 Preference,3 Disaggregation,3 Statistic,4 Crop,4 Location,4 VC Actor,4 Trait,4 Preference,4 Disaggregation,4 Statistic,5 Crop,5 Location,5 VC Actor,5 Trait,5 Preference,5 Disaggregation,5 Statistic,6 Crop,6 Location,6 VC Actor,6 Trait,6 Preference,6 Disaggregation,6 Statistic,7 Crop,7 Location,7 VC Actor,7 Trait,7 Preference,7 Disaggregation,7 Statistic,8 Crop,8 Location,8 VC Actor,8 Trait,8 Preference,8 Disaggregation,8 Statistic,9 Crop,9 Location,9 VC Actor,9 Trait,9 Preference,9 Disaggregation,9 Statistic,10 Crop,10 Location,10 VC Actor,10 Trait,10 Preference,10 Disaggregation,10 Statistic,Disaggregating variables,Explanation for any disaggregation,Key findings
4917,Missihoun 2012,Gestion traditionnelle et statut des ressources génétiques du sorgho (Sorghum bicolor L. Moench) au Nord-Ouest du Bénin,Consensus,10.4314/ijbcs.v6i3.8,Gestion traditionnelle et statut des ressources génétiques du sorgho (Sorghum bicolor L. Moench) au Nord-Ouest du Bénin ,International Journal of Biological and Chemical Sciences,June 2012,Research article,Benin,December 2010,Mostly to record local varieties of sorghum and their characteristics. Also to document some preferences for sorghum traits.,Donga Department in the North-west of Benin,Sorghum,Qualitative study,Interview; Focus group; Observations,"","descriptive statistics, quadrant analysis method",SAS,108 households,Farmer/grower,"Size and shape; Color; Hardness; Grain morphology (e.g. pericarp thickness); Milling/processing quality; End-use quality (baking, malting, etc.)",Yes,Staple Food Preparation; Porridges and Beverages; Semolina and Flour,"",Sorghum,Benin,Farmer,Color,red for beer,"","","","","","","","","","","","","","","","","","","","","","","","","","","","","","","","","","","","","","","","","","","","","","","","","","","","","","","","","","","","","","","","","",None reported,"",Farmers in Benin prefer red sorghum grains.
4774,Tarekegne 2019,"Performance and Participatory Variety Evaluation of Finger Millet [Eleusine coracana (L.) Gaertn] Varieties in West Gojam Zone, Northwest Ethiopia",Consensus,"","Performance and Participatory Variety Evaluation of Finger Millet [Eleusine coracana (L.) Gaertn] Varieties in West Gojam Zone, Northwest Ethiopia",East African Journal of Sciences,2019,Research article,Ethiopia,2013,identify farmers’ selection criteria/parameters for finger millet genetic improvement; and select high yielding varieties through participatory variety selection approach,"Adet and Koga, Yilmana-Densa and Mecha Districts in West Gojam Zone",Finger millet,Mixed methods,Focus group; Ranking; Hedonic scale; Participatory plant breeding; Observations,Duncan’s Multiple Range Test (DMRT),"ANOVA, pairwise ranking and direct matrix procedure",SAS,30-90,Farmer/grower,"Color; Milling/processing quality; End-use quality (baking, malting, etc.)",Yes,Injera Making; Bread Making; Local Beer (Arki),"",Finger Millet,Ethiopia,Farmer,Color,White for injera making,"Important to women farmers, particularly those from Adet","",Finger Millet,Ethiopia,Farmer,Color,"Black for beer, arki, and bread making","Important to women farmers, particularly those from Adet","","","","","","","","","","","","","","","","","","","","","","","","","","","","","","","","","","","","","","","","","","","","","","","","","","","","","","","","","",Gender; Location/geography,Men focus more on yield related traits,"Farmers in Ethiopia value different colors of finger millet for different end uses. White for injera and sale, black for beer and bread."
4683,Hamid 2025,Sensory profiling of traditional Sorghum porridge (Aceda): advancing nutritious and culturally accepted biofortified products,Consensus,10.3389/fsufs.2025.1578353,Sensory profiling of traditional Sorghum porridge (Aceda): advancing nutritious and culturally accepted biofortified products,Frontiers in Sustainable Food Systems ,17 June 2025,Research article,Sudan ,"","This study aimed to link key sensory descriptors with consumer preferences using advanced sensory evaluation methods, thereby supporting the development of nutritionally enhanced Aceda products that align with culturally accepted preparation and consumption practices.",Al-Gadareif State ,Sorghum,Experimental study,Hedonic scale; Sensory evaluation/taste testing,STATIS method ,"internal preference mapping, intelligence pivot table, agglomerative hierarchical clustering, PCA, PLSR",Other: XLSTAT,28,Consumer,"Micronutrients; Color; Sensory (aroma, taste, appearance, etc.)",Yes,Aceda porridge,"",Sorghum,Sudan,Consumer,Color,"white for urban, red for rural",rural vs urban,"",Sorghum,Sudan,Consumer,texture/carbohydrate,firm,"","","","","","","","","","","","","","","","","","","","","","","","","","","","","","","","","","","","","","","","","","","","","","","","","","","","","","","","","","",Gender; Age; Education,"",Consumers in Sudan prefer aceda made from white sorghum with high levels of carbohydrates for firmness.
4247,Pant 2010,Beyond Biodiversity: Culture in Agricultural Biodiversity Conservation in the Himalayan Foothills,Consensus,10.1007/978-90-481-8826-0_4,Beyond Biodiversity: Culture in Agricultural Biodiversity Conservation in the Himalayan. Foothills,Springer Science Business Media,2010,"Other: Case study, Book",Nepal,"",This chapter explores the cultural dimensions of agricultural biodiversity conservation through a case study of the relationships between caste-based food traditions and local varieties of rice and finger millet managed by smallholder subsistence farmers in the Himalayan foothills of western Nepal.,"villages of Rupakot and Begnas in Kaski district, which is in the foothills of the Annapurna Himalaya",Finger millet,Qualitative study,Interview; Focus group; Survey/questionnaire; Observations,"","",No/not reported,78 households for survey,Farmer/grower; Consumer; Chef/brewer/home cook; Other: Service providers,"Size and shape; Color; End-use quality (baking, malting, etc.)",Yes,"roti (bread), puwa (flour-based), dhindo (porridge), jand (beer), rakshi (alcohol)","",Finger millet,Nepal,Consumers,color,White,"","",Finger millet,Nepal,"home brewer, consumer",Size,large,"","",Finger millet ,Nepal,"home brewer, consumer",brewing quality,higher alcohol recovery ,Matwali (lower caste that drinks alcohol),"",Finger millet,Nepal,Consumer,Food quality,good,"","","","","","","","","","","","","","","","","","","","","","","","","","","","","","","","","","","","","","","","","","","","",Class/income,"Different castes have different traditions and foods, leading to different preferences.",Large white grains are preferred by Matwali consumers in Nepal
3920,VanOosterhout 1993,Sorghum genetic resources of small-scale farmers in Zimbabwe,Consensus,"",Sorghum genetic resources of small-scale farmers in Zimbabwe,Intermediate Technology Publications,1993,Book,Zimbabwe,"",To highlight the choices made by small-scale farmers and to build upon the existing wealth of genetic diversity by providing recommendations which are more appropriate to the conditions under which small-scale farmers grow and select their sorghum varieties,"Musikavanhu, Gokwe and Siabuwa ",Sorghum,Qualitative study,Interview; Survey/questionnaire,"",Matrix ranking,No/not reported,"",Farmer/grower,"Color; Grain morphology (e.g. pericarp thickness); Milling/processing quality; End-use quality (baking, malting, etc.); Storability",Yes,"Beer, Sadza","",Sorghum,Zimbabwe,Farmer/grower,endosperm texture,"hard, conneous","","",Sorghum,Zimbabwe,Farmer/grower,grain color/tannins ,White,"Gender, tannin rich considered 'man's' crop","","","","","","","","","","","","","","","","","","","","","","","","","","","","","","","","","","","","","","","","","","","","","","","","","","","","","","","","","",Gender,"Men's variety requires much less work, 
since its tannin-rich grains are unattractive to birds.",hard endosperm is preferred. Men will choose tannin rich because less labor.
3537,Bossuet 2015,Selection by taste,Consensus,"",Selection by taste,Appropriate Technology,2015,Report,Mali,"",Evaluate To Colour preferences in Mali,"Mpessoba, Mali",Sorghum,Experimental study,Hedonic scale; Sensory evaluation/taste testing; Cooking quality test,"","",No/not reported,"",Consumer; Chef/brewer/home cook,Color; Grain morphology (e.g. pericarp thickness); Milling/processing quality,No,Tô,"",Sorghum,Mali,home cook,decortication,easy,"","",Sorghum,Mali,home cook,Color,"White, yellow, red, not black or purple","","","","","","","","","","","","","","","","","","","","","","","","","","","","","","","","","","","","","","","","","","","","","","","","","","","","","","","","","","",None reported,"",Women in Mali prefer sorghum that is easy to process and decorticate and is not black or purple
3326,Hama-Ba 2019,Traditional African Dishes Prepared From Local Biofortified Varieties of Pearl Millet: Acceptability and Potential Contribution to Iron and Zinc Intakes of Burkinabe Young Children,Consensus,10.3389/fnut.2019.00115,"Traditional African Dishes Prepared From Local Biofortified Varieties of Pearl Millet: Acceptability and
Potential Contribution to Iron and Zinc Intakes of Burkinabe Young Children",Frontiers in Nutrition,14 August 2019,Research article,Burkina Faso,"","assess the acceptability, by usual consumers from Ouagadougou (Burkina Faso), of traditional dishes (tô paste, pancakes, and gruel) prepared with two biofortified varieties",Ouagadougou,Pearl millet,Mixed methods,Ranking; Hedonic scale; Sensory evaluation/taste testing; Cooking quality test,"","ANOVA, Fischer's LSD, Friedman test, rank sum multiple comparison test",Other: Statgraphics Plus,"9 cooks, 24 tasters",Consumer; Chef/brewer/home cook,"Micronutrients; Color; Hardness; Sensory (aroma, taste, appearance, etc.); End-use quality (baking, malting, etc.)",Yes,"Tô, pancakes, gruel","",Pearl Millet,Burkina Faso,Consumer,Color,darker,"","",Pearl Millet,Burkina Faso,Cooks,Hardness,Harder,"","","","","","","","","","","","","","","","","","","","","","","","","","","","","","","","","","","","","","","","","","","","","","","","","","","","","","","","","","",None reported,"","improvement of some sensory parameters of the biofortified millet varieties used in this study, such as color or processing changes, would be advisable. "
3122,Hambloch 2021,Contextualizing private sector-based seed system development: The case of sorghum in Eastern Africa,Consensus,10.1177/0030727021 1056357,Contextualizing private sector-based seed system development: The case of sorghum in Eastern Africa,Outlook on Agriculture,2021,Case study,"Kenya, Uganda, Tanzania","",Challenge notion farmers adopt improved varieties Over local,"",Sorghum,Qualitative study,Interview,"",Coding,Other: MaxQDA,36,Farmer/grower; Processor/miller; Distribution/retailer/trader; Chef/brewer/home cook; Other: Government ,"Color; Sensory (aroma, taste, appearance, etc.)",No,ugali ; porridge ; bread ; local brew ,"",Sorghum,"Kenya, Uganda, Tanzania ",farmer/consumer,Color,brown,"","",Sorghum,"Kenya, Uganda, Tanzania","farmer, brewer",Sweetness,"Unsweet, brewers provide Sweet",brewers prefer sweet,"",Sorghum,"Kenya, Uganda, Tanzania",brewer,Color,White,not preferred by farmers,"","","","","","","","","","","","","","","","","","","","","","","","","","","","","","","","","","","","","","","","","","","","","","","","","","",Value chain position,"","Sorghum farmers prefer brown grain but brewers prefer white in Kenya, Uganda, and Tanzania."
3063,Anbazhagan 2022,"Dual-Purpose Sorghum: A Targeted Sustainable Crop-Livestock Intervention for the Smallholder Subsistence Farming Communities of Adilabad, India",Consensus,10.3389/fsufs.2022.742909,"Dual-Purpose Sorghum: A Targeted Sustainable Crop-Livestock Intervention for the Smallholder Subsistence Farming Communities of Adilabad, India",Frontiers in Sustainable Food Systems,24 March 2022,Research article,India,2017-2020,(i) defining the socio-economic context of the existing cropping systems in Adilabad District; (ii) assessing local farmers’ preferences and selecting suitable sorghum varieties; and (iii) designing farmer participatory approaches (FPAs) to enable successful transfer of improved sorghum varieties to overcome crop adoption barriers,"Adilabad District, Telangana, India",Sorghum,Mixed methods,Interview; Focus group; Survey/questionnaire; Participatory plant breeding,"","ANOVA, Fisher's unprotected LSD",Other: GenStat® 18th edition,124,Farmer/grower; Consumer,"Size and shape; Sensory (aroma, taste, appearance, etc.)",Yes,"roti, upma","",Sorghum,India,Farmer/grower,grain size,bold,"","","","","","","","","","","","","","","","","","","","","","","","","","","","","","","","","","","","","","","","","","","","","","","","","","","","","","","","","","","","","","","","","",None reported,"",Farmers in India prefer bold grains
3044,Wanga 2022,Sorghum Production in Northern Namibia: Farmers’ Perceived Constraints and Trait Preferences,Consensus,https://doi.org/10.3390/su141610266,Sorghum Production in Northern Namibia: Farmers’ Perceived Constraints and Trait Preferences,sustainability,18 August 2022,Research article,Namibia,2020-2021,To assess the present state of sorghum production in northern Namibia and document farmers’ perceived production constraints and trait preferences in new varieties to guide drought-tolerance breeding.,"Kavango West, Ohangwena, and Zambezi regions",Sorghum,Qualitative study,Interview; Focus group; Survey/questionnaire; Ranking; Observations,"","Chi^2, pairwise rankings",SPSS,198,Farmer/grower,Color,Yes,"flour, porridge, beverages","",Sorghum,Namibia,Farmers,Grain color,"White (porridge, non-alcholic beverages)","","",Sorghum,Namibia,Farmers,Grain color,Red (local beverages non-alcoholic and alcoholic),"","","","","","","","","","","","","","","","","","","","","","","","","","","","","","","","","","","","","","","","","","","","","","","","","","","","","","","","","","",None reported,"",Farmers in Namibia prefer white sorghum for food and red sorghum for alcoholic beverages.
3018,Mesfin 2022,Understanding sorghum farming system and its implication for future research strategies in humid agro-ecologies in Western Ethiopia,Consensus,10.1016/j.jafr.2022.100456,Understanding sorghum farming system and its implication for future research strategies in humid agro-ecologies in Western Ethiopia,Journal of Agriculture and Food Research ,November 18 2022 ,Research article,Ethiopia,2016,"identify the farmers’ preference for sorghum traits, production, marketing and utilization constraints in sorghum-based 
farming system using farming system approaches.","Western Ethiopia (Assosa Zone, Kamash Zone, and Mao-Komo Special woreda of Benishangul Gumuz Regional state); Districts: Assosa, Bambasi, Kamashi, Mao-Komo.",Sorghum,Mixed methods,Interview; Survey/questionnaire; Ranking; Other: data from other studies,Rank index (weighted ranking formula used).,"Descriptive statistics, Rank index, and Tobit econometric model.",No/not reported,145,Farmer/grower,"Size and shape; Starch, protein, tannins, fiber, and/or fat; Color; Milling/processing quality; End-use quality (baking, malting, etc.)",No,injera ; tella ; areke ; borde ; porridge ; kita ; popped & roasted sorghum ,"",Sorghum,Ethiopia,Farmer/grower,Color,creamy white,"","",Sorghum,Ethiopia,Farmer/grower,Size,large,"","",Sorghum,Ethiopia,Farmer/grower,Milling/processing quality,good water holding capacity ,"","",Sorghum,Ethiopia,Farmer/grower,tannins,"low tannin preferred for injera, high for beverage","","","","","","","","","","","","","","","","","","","","","","","","","","","","","","","","","","","","","","","","","","","","",None reported,"","low tannin, creamy white grain, large seeds, and good water holding capacity are important preferences for farmers in ethiopia "
2729,Porcuna-Ferrer 2025,Crop biocultural traits and diversity dynamics among Bassari farmers,Consensus,https://doi.org/10.1007/s10460-025-10725-0,Crop biocultural traits and diversity dynamics among Bassari farmers,Agriculture and Human Values,February 19 2025,Research article,Senegal,2019-2021,"gain a deeper understanding of the biocultural 
traits that Bassari farmers associate to their crops and variet-
ies and to explore whether and how these traits are linked 
to local crop diversity dynamics.",Bassari villages in south-eastern Senegal,Sorghum; Fonio,Qualitative study,Interview; Survey/questionnaire,"",Wilcoxon tests,R,120,Farmer/grower,"Sensory (aroma, taste, appearance, etc.)",No,"","",Sorghum,Senegal,Farmer/grower,Color,red for beer,"","","","","","","","","","","","","","","","","","","","","","","","","","","","","","","","","","","","","","","","","","","","","","","","","","","","","","","","","","","","","","","","","",None reported,"","Varieties of sorghum were ranked differently across farmers for numerous important biocultural traits, such as organoleptic preference."
2716,SayedAbdelhalim 2025,Deciphering consumer perceptions of Kisra prepared from biofortified and non-biofortified sorghum cultivars using the rate-all-that-apply (RATA) method,Consensus,10.3389/fnut.2025.1563247,Deciphering consumer perceptions of Kisra prepared from biofortified and non-biofortified sorghum cultivars using the rate-all-that-apply (RATA) method,Frontiers in Nutrition,10 March 2025,Research article,Sudan,2023-2024,"evaluate the sensory attributes of Kisra, a traditional fermented flatbread made from the biofortified sorghum cultivar Dahab and its blends with other Sudanese cultivars.","Wad Dayief Village in the Eastern Galabat locality of Al-Gadareif State, Eastern Sudan",Sorghum,Mixed methods,Interview; Survey/questionnaire; Hedonic scale; Sensory evaluation/taste testing; Other: rate-all-that-apply,Rate-all-that-apply (RATA) method - Assessors rated the intensity of relevant terms using a 5-point intensity scale ,"ANOVA, Turkey's pairwise, PCA, Ward's Hierarchical Cluster Analysis",Other: XLSTAT,"100 RATA, 25 attribute makers ",Consumer,"Micronutrients; Color; Hardness; Sensory (aroma, taste, appearance, etc.); End-use quality (baking, malting, etc.)",Yes,Kisra,"",Sorghum	,Sudan,Consumer,Color,red,"","",Sorghum,Sudan,Consumer,taste,Souness preferred,"","","","","","","","","","","","","","","","","","","","","","","","","","","","","","","","","","","","","","","","","","","","","","","","","","","","","","","","","","",Age; Education,low education had less exposure and had more generalizable preferences,Sorghum consumers in Sudan prefer reddish grain with sour taste.
2681,Hamid 2025,"Sensory evaluation and consumer acceptance of Kisra, a sudanese fermented flatbread made with biofortified sorghum: Insights from check-all-that-apply (CATA) method",Consensus,10.1016/j.afres.2025.100920,"Sensory evaluation and consumer acceptance of Kisra, a sudanese 
fermented flatbread made with biofortified sorghum: Insights from 
check-all-that-apply (CATA) method ",Applied Food Research,28 April 2025,Research article,Sudan,2023-2024,"To evaluate preferences in sorghum varieties for traditional bread-making. A particular emphasis is placed on determining if a biofortified variety, Dahab, fits consumer criteria.",Al-Gadareif,Sorghum,Qualitative study,Hedonic scale; Sensory evaluation/taste testing; Other: Check-all-that-apply tests,9-point Likert scale,"CATATIS, CLUSCATA, ANOVA, Tukey test, Euclidean distances and Ward’s hierarchical cluster analysis, post-hoc Pairwise comparison, Correspondence analysis, PCOA, Penalty lift analysis",Other: XLSTAT,102,Consumer,"Micronutrients; Color; Sensory (aroma, taste, appearance, etc.); End-use quality (baking, malting, etc.)",Yes,Kisra (a traditional fermented bread),"",Sorghum,Sudan,Consumer,pericarp color,non-red,"","",Sorghum,Sudan,Consumer,taste,"Sweet, not bitter","","",Sorghum,Sudan,Consumer,grain color,yellow,"","",Sorghum,Sudan,Consumer,texture,"fine, smooth ","","","","","","","","","","","","","","","","","","","","","","","","","","","","","","","","","","","","","","","","","","","","",Gender; Age; Education,"","Sorghum grain in Sudan preferred by consumers for its sweet taste, smooth texture, lightness, and porousness. The bio fortified variety was well Accepted because of sensory properties."
2354,Obilana 1998,Sorghum Improvement,Consensus,"",Sorghum Improvement,ISMN,1998,Other: newsletter,"Angola, Botswana, Lesotho, Malawi, Mozambique, Namibia, South Africa, Swaziland, Tanzania, Zambia, and Zimbabwe ",1983-1998,"Facilitate the transfer of improved cultivate to farmers through national research and extension systems (NARES) and linkages with NGOs, advanced institutions, and the private sector; Evaluate grain quality for various end uses; Stengthen the capacity of NARS sorghum staff in
crop improvement and utilization through in-country and regional training, joint workplans, and collaborative research","Zimbabwe, Matopos, and Lucydale ",Sorghum; Pearl millet,Mixed methods,Participatory plant breeding,Diverse Germplasm Observation Nursery,"",No/not reported,"",Farmer/grower,"Size and shape; Color; Hardness; End-use quality (baking, malting, etc.)",Yes,"beer, food","",Sorghum,Zimbabwe,Farmer,Size,medium-large,"",350 responses of large grain size as a positive trait,"Sorghum, pearl millet",Zimbabwe,Farmer,Color,"red for beer, white for food","","","","","","","","","","","","","","","","","","","","","","","","","","","","","","","","","","","","","","","","","","","","","","","","","","","","","","","","","","",None reported,"","Farmers in Zimbabwe prefer large grain that is red for beer, white for food."
2315,Dawud 2017,"Farmers’ Production Constraints, Knowledge of Striga and Preferred Traits of Pearl Millet in Jigawa State, Nigeria",Consensus,"","Farmers’ Production Constraints, Knowledge of Striga and Preferred Traits of Pearl Millet in Jigawa State, Nigeria ",Global Journal of Science Frontier Research: D Agriculture and Veterinary ,2017,Research article,Nigeria,"",Assess farmers’ pearl millet preferred traits and determine farmers’ production constraints in pearl millet,"Jigawa State (Madobi, Kudai, Karfawa, Shuwarin, Kantoga, Kafingana)",Pearl millet,Qualitative study,Interview; Focus group; Survey/questionnaire; Ranking,"",data was coded ,SPSS,143,Farmer/grower,"Size and shape; Color; Hardness; Sensory (aroma, taste, appearance, etc.); Milling/processing quality; End-use quality (baking, malting, etc.); Storability",No,food and beer,"",Pearl Millet,Nigeria,Farmer/grower,color,grey,"","",Pearl Millet,Nigeria,Farmer/grower,grain size,bold,"","",Pearl Millet,Nigeria,Farmer/grower,shattering,tolerant,"","",Pearl Millet,Nigeria,Farmer/grower,beverage quality,good,"","","","","","","","","","","","","","","","","","","","","","","","","","","","","","","","","","","","","","","","","","","","",None reported,"","Farmers in Nigeria prefer pearl millet that grey and bold, has shattering tolerance, and makes a good local beverage."
2273,Tabo 1999,Participatory Evaluation of Pearl Millet Cultivars in Northern Nigeria,Consensus,"",Participatory Evaluation of Pearl Millet Cultivars in Northern Nigeria,"",1999,Other: Newsletter,Nigeria,1996,"introduce this promising variety to farmers in northern Nigeria, assess its performance, its acceptability to farmers, and the. costs of production in the region","Jigawa, Kano, Katsina",Pearl millet,Experimental study,Participatory plant breeding,"","",No/not reported,34,Farmer/grower,"Size and shape; Color; Sensory (aroma, taste, appearance, etc.)",Yes,Food,"",Pearl millet,Nigeria,Farmers,grain size,large,"","",Pearl millet,Nigeria,Farmers,grain color,bright,"","","","","","","","","","","","","","","","","","","","","","","","","","","","","","","","","","","","","","","","","","","","","","","","","","","","","","","","","","",None reported,"",Farmers in northern Nigeria prefer bright and large pearl millet grains
2251,Birol 2011,"A latent class approach to investigating farmer demand for biofortified staple food crops in developing countries: The case of high-iron pearl millet in Maharashtra, India",Consensus,"","A Latent Class Approach to Investigating Farmer Demand for Biofortified Staple Food Crops in Developing Countries: The Case of High-Iron Pearl Millet in Maharashtra, India",HarvestPlus,October 2011,Other: Working paper,India,2010,investigate farm households’ valuation of a high-iron pearl millet variety,"Maharashtra, Pune, Solapur, Aurangabad ",Pearl millet,Experimental study,Choice experiment; Willingness to pay,"","latent class model, orthogonalization",No/not reported,630 households,Farmer/grower; Consumer,Micronutrients; Color,No,Roti,"",Pearl Millet,India,"Farmer /grower, consumer",Roti Color,"light and medium colored for smaller households, darker colored for larger households",household size,Coefficient for medium colored roti: 0.684 vs -0.095 ,Pearl Millet,India,"Farmer /grower, consumer",Iron,Higher iron,Farm and household size,"Coefficient for large house hold small scale is 2.985, large scale is 0.358, and small house small scale is 0.762","","","","","","","","","","","","","","","","","","","","","","","","","","","","","","","","","","","","","","","","","","","","","","","","","","","","","","","","",Household size; Location/geography; Farm size,"function of pearl millet sellers’ inability to capture a price premium in the 
pearl millet wholesale market (mandi) where there is no product differentiation due to the invisibility of several pearl millet consumption characteristics. ",Large household prefer more consumption related traits than moderate sized households who sell most of their grain.
2249,Mubiru 2020,Sensory evaluation of finger millet and bean products in Hoima Uganda. Report of field work conducted 6-12 September 2019,Consensus,"",Sensory Evaluation of Finger Millet and Bean Products in Hoima Uganda Report of Field Work conducted 6-12 September 2019,The Alliance of Bioversity International and the International Center for Tropical Agriculture (CIAT),21 April 2020,Report,Uganda,January 2018 - December 2020,"to conduct sensory evaluation for 
culinary and organoleptic attributes on  prioritized PGRFA varieties that are important food security 
crops in Uganda. ","Hoima: Kibaire, Kasinina, Kiranga, Kyamongi, Nyakaihura, Katikara, Mparangasi and Nyakakonge",Finger millet,Mixed methods,Focus group; Hedonic scale; Sensory evaluation/taste testing,5 point Likert scale ,"",No/not reported,101,Farmer/grower,"Color; Sensory (aroma, taste, appearance, etc.); End-use quality (baking, malting, etc.)",Yes,"Malwa (beverage), Kwete (beverage), porridge, Kalo (bread), Obushera (beverage)","",Finger millet,Uganda,"Farmer, Consumer",taste,Sweet,"","",Finger millet,Uganda,"Farmer, Consumer",aroma,pleasant,"","",Finger millet,Uganda,"Farmer, Consumer",food elasticity,good,"","","","","","","","","","","","","","","","","","","","","","","","","","","","","","","","","","","","","","","","","","","","","","","","","","","",None reported,"","Farmers in Uganda prefer finger millet that results in food that is sweet, has pleasant aroma, and good elasticity."
2239,Yila 2024,Trait preferences of sorghum and pearl millet value chain actors in Mali and Burkina Faso: a case for gender- responsive and demand-driven breeding,Consensus,10.3389/fsufs.2024.1239433,"Trait preferences of sorghum and pearl millet value chain actors in 
Mali and Burkina Faso: a case for gender- responsive and demand-driven breeding",Frontiers in Sustainable Food Systems,14 June 2024,Research article,"Mali, Burkina Faso","","identify and map the sorghum and pearl millet value chain actors, examine the desired traits of the actors, and facilitate how their preferences can inform the co-development of gender-responsive and market-driven sorghum and pearl millet product profiles.","Mali: Dioila (region of Koulikoro), Kati (region of Koulikoro), Kouliala (region of Sikasso), and Tominian (region of Segou). 
Burkina Faso: districts of Kombissiri and Manga in the region of Centresud; districts of Ziniare and Zitenga in the region of Plateau-Central; districts of Sabou and Kindi in the region of Centre-Ouest. ",Sorghum; Pearl millet,Mixed methods,Interview; Focus group; Survey/questionnaire; Case study,"","",No/not reported,1324,Farmer/grower; Consumer; Processor/miller; Distribution/retailer/trader; Chef/brewer/home cook,Size and shape; Color; Hardness; Milling/processing quality,Yes,semolina,"","Sorghum, Pearl millet",Mali,"Trader, consumers",grain size,large,does not matter to traders in Burkina Faso,"",Pearl millet,Mali,"processors, traders, consumers",grinding ability,easy,"less important for processors in Burkina Faso
In Mali: female traders and consumers prefer more, male processors prefer more than female processors","","Sorghum, Pearl millet",Mali,"Consumers, traders",taste,good,"not important in Burkina Faso, more important to women in Mali","","Sorghum, Pearl millet",Mali,trader,grain color,white,less important in Burkina Faso,"","Sorghum, Pearl millet",Mali,"processors, consumers",food yield,high,More important to men in Mali except female consumers of pearl millet,"",Sorghum,Mali,Processors,flour yield,good,more important to men,"",Sorghum,Mali,Processors,grinding ability,easy,"More important to male processors in Mali, Burkina Faso less important","","","","","","","","","","","","","","","","","","","","","","",Gender; Location/geography; Value chain position,"Sorghum is highly desired and more consumed as food in Mali, which may explain why traits associated with food and grain quality and products are more preferred than in Burkina Faso.","women along the sorghum and millet value chains were slightly more likely to prefer end-product qualities such as grain quality, storability, food yield, and consistency. In both countries, women and men desire similar qualities in sorghum and pearl millet varieties."
2202,,Farmers Participatory Varietal Selection in Rabi Sorghum. Final Technical Report (1999-2002).,Consensus,"",Farmers Participatory Varietal Selection in Rabi Sorghum Final Technical Report (1999-2002),"National Research Centre for Sorghum, Rajendranagar, Hyderabad .",2002,Report,India,1999-2002,"1. Selection of suitable varieties by farmers from improved cultivars tested in farmer managed trials.
2. Demonstration of farmer participatory research (FPR) methods those are effective in increasing cultivar diversity and replacement rate and thereby production.
3. Promotion of superior local varietal selections, natural management practices, and low cost production technology identified in farmer managed trials.","Medak (Andhra Pradesh),  Solapur (Maharashtra), Dhule (Maharashtra),  Parbhani  (Maharashtra), Bijapur (Karnataka) and Dharwad (Karnataka).",Sorghum,Mixed methods,Focus group; Survey/questionnaire; Participatory plant breeding; Sensory evaluation/taste testing; Observations; Cooking quality test; Other: mother/baby trials,"","",No/not reported,"""The total number of farmers involved measured in hundreds""",Farmer/grower,"Size and shape; Color; Sensory (aroma, taste, appearance, etc.); End-use quality (baking, malting, etc.); Storability",Yes,"flour, roti","",Sorghum,India,Farmer,size,bold,"","",Sorghum,India,Farmer,color,pearly white,"","",Sorghum,India,Farmer,shape,round,"","",Sorghum,India,Farmer,keeping quality,good,"","",Sorghum,India,Farmer,flour recovery,good,"","",Sorghum,India,Farmer,roti quality,good,"","","","","","","","","","","","","","","","","","","","","","","","","","","","","","",None reported,"","Farmers in India prefer sorghum that is white/lustrous, bold, and has high flour recovery and good cooking quality for roti."
1956,Yapi 1998,Sorghum S 35 in Chad - adoption and benefits.,Consensus,"",Sorghum S 35 in Chad — Adoption and Benefits,International Crops Research Institute for the Semi­Arid Tropics,1998,Conference proceedings,Chad,1986-1995,The two main objectives are: to determine the performance and acceptability of S  35  under farm­ level conditions based on adoption rates and farmer perceptions in different regions where the technol­ogy is applicable;  and to evaluate the economic impact that the adoption  (and the accompanying cultivation techniques) had on the welfare of peasants and consumers. ,"Guera, Chari-Baguimi, and Mayo-Kebbi regions",Sorghum,Qualitative study,Survey/questionnaire,"","",No/not reported,152,Farmer/grower,"Size and shape; Color; Grain morphology (e.g. pericarp thickness); Sensory (aroma, taste, appearance, etc.); Storability",Yes,"","",Sorghum,Chad,Farmers,Grain color,"White in Guera and Mayo-Kebbi, Red in Chari-Baguirmi",Location,"",Sorghum,Chad,Farmers,Grain size,Large,Location,"","","","","","","","","","","","","","","","","","","","","","","","","","","","","","","","","","","","","","","","","","","","","","","","","","","","","","","","","",Location/geography,"","Farmers in different regions of Chad prefer different colors of grain. White is preferred in the Guera and Mayo-Kebbi regions, whereas red is preferred in Chari-Baguirmi."
1858,McGuire 2000,Farmers' management of sorghum diversity in eastern Ethiopia.,Consensus,"",Farmers’ management of sorghum diversity in Eastern Ethiopia,Intermediate Technology,2000,Book,Ethiopia,1998,Characterize farmer management and preferences in farmer varieties of sorghum in Ethiopia,Eastern Ethiopia (Highlands and Lowlands).,Sorghum,Qualitative study,Interview,"",Frequency/Percentage analysis.,No/not reported,141,Farmer/grower,"Size and shape; Color; Hardness; End-use quality (baking, malting, etc.); Storability",Yes,"","",Sorghum,Ethiopia,Farmer,color,dislike brown,Lowland vs. Highland growers,"",Sorghum,Ethiopia,Farmer,Seed Size/Color,"Small, dark seeds are disliked",Lowland vs. Highland growers,"","","","","","","","","","","","","","","","","","","","","","","","","","","","","","","","","","","","","","","","","","","","","","","","","","","","","","","","","",Location/geography,Highland and lowland farmers both prioritize quality when selecting their sorghum variety,Quality is an important characteristic in farmer variety selection. Color was not highly reported.
1841,Njinju 2022,"Sorghum production challenges in drought areas of siaya and baringo counties, Kenya.",Consensus,"","Sorghum Production Challenges in Drought Areas of Siaya and Baringo Counties, Kenya",East African Agricultural and Forestry Journal,2022,Research article,Kenya,January 2021,"To collect sorghum accessions, identify preferred traits, identify production constraints, and find out challenges faced by farmers.",Siaya and Baringo Counties,Sorghum,Qualitative study,Interview; Survey/questionnaire,"",descriptive statistics,SPSS,43,Farmer/grower,"Color; Sensory (aroma, taste, appearance, etc.); Storability",Yes,"Food (ugali, porridge, traditional dishes)","",Sorghum,Kenya,Farmer,Color,nonred,Important in Siaya but not Baringo,"",Sorghum,Kenya,Farmer,Taste,good,"","",Sorghum,Kenya,Farmer,Storability,good,"","","","","","","","","","","","","","","","","","","","","","","","","","","","","","","","","","","","","","","","","","","","","","","","","","","",Location/geography,"",Farmers in Kenya prefer sorghum varieties that are non-red and have good taste.
1831,Kayode 2006,"Diversity, users' perception and food processing of sorghum: implications for dietary iron and zinc supply.",Consensus,"","Diversity, users’ perception and food processing of sorghum: implications 
for dietary iron and zinc supply",Wageningen University,2006,Dissertation/thesis,Benin,2002," to define the scope in terms of consumer preferences for the optimisation of sorghum breeding, cultivation and processing.","Parakou, Banikoara, Toucountouna, Natitingou, Djougou",Sorghum,Mixed methods,Interview; Focus group; Survey/questionnaire; Hedonic scale; Case study,"","ANOVA, LSD",SPSS; Other: Win stat,"30 Rapid appraisal investigation, 180 quantitative survey, 135 beer survey, 90 field survey, 72 farmers seed collection ",Farmer/grower; Consumer; Processor/miller; Chef/brewer/home cook,"Size and shape; Starch, protein, tannins, fiber, and/or fat; Color; Grain morphology (e.g. pericarp thickness); Sensory (aroma, taste, appearance, etc.); Milling/processing quality; End-use quality (baking, malting, etc.); Storability; Other: germination, medicinal ",Yes,"Tchoukoutou (beer), Sorou, Koko, Dibou, Chakpalo, Sifan ou, Kamanguia, porridge","",Sorghum,Benin,"Consumer, brewer/processor, farmer",Color,"pink is best, pink/red for food, porridge, beer, then brown, not white or yellow","","",Sorghum,Benin,"brewer/processor, farmer",Size,big,"","",Sorghum,Benin,brewer/processor,Wort (beer quality),"high yield, sugary, opaque","","",Sorghum,Benin,"Consumer, farmer, brewer/processor",taste,"Sweet, not bitter","","",Sorghum,Benin,"Processor/miller
",Milling/processing quality,"easy, good flour yield","","",Sorghum,Benin,brewer/processor,endosperm texture,floury,"","",Sorghum,Benin,"Processor/miller
",Ease of germination,quickly,"",42%,"","","","","","","","","","","","","","","","","","","","","",Location/geography,"","Farmers’ grain quality preferences focus on grain size and color, with large, pink or red grains consistently preferred for porridge and traditional beer, while yellow grains are least preferred"
1778,Fanou-Fogny 2012,Fonio (Digitaria exilis) as a staple food in Mali: an approach to upgrade nutritional value.,Consensus,"",Fonio (Digitaria exilis) as a staple food in Mali: an approach to upgrade nutritional value,Wageningen University ,June 2012 ,Dissertation/thesis,Mali,"","Explored value chain strategies as possible solutions to existing nutritional
problems among West African women, using fonio as product. Assessment of socio‐cultural acceptability of fonio as strategic entry point for consumer‐oriented activities",Bamako and Cotonou,Fonio,"",Interview; Survey/questionnaire; Ranking,"Mali food composition table TACAM, USDA nutrient database ",Descriptive anlaysis,SPSS; Other: VBS Food Calculation System,108 women,Consumer; Chef/brewer/home cook,"Micronutrients; Sensory (aroma, taste, appearance, etc.); End-use quality (baking, malting, etc.)",No,"Couscous (Foyo), Porridge (Moni, Dèguè), Djouka (Mixture of fonio, vegetables, and groundnut), Fried fonio (Fini zamé), Bakery products (Cakes, doughnuts, cookies)","",Fonio,Mali,Consumer/home cook,grain color,white,"","",Fonio,Mali,Consumer/home cook,grain size,larger,"","",Fonio,Mali,Consumer,micronutrients,iron,"","","","","","","","","","","","","","","","","","","","","","","","","","","","","","","","","","","","","","","","","","","","","","","","","","","",Gender,"",Consumers in Mali prefer white and large fonio grain.
1722,Chinedu 2018,Farmers' valuation of transgenic biofortified sorghum for nutritional improvement in Burkina Faso: a latent class approach.,Consensus,10.1016/j.foodpol.2018.06.006,Farmers’ valuation of transgenic biofortified sorghum for nutritional improvement in Burkina Faso: A latent class approach,Food Policy,2018,Research article,Burkina Faso,2015-2016,"to investigate the farmers’ valuation of various attributes that could
make up the biofortified seed as well identified the factors that influence the farmers valuation.","Dedougou, Bobo, and Diebougou",Sorghum,Experimental study,Choice experiment, Latent Class Model ,"Descriptive statistics + ANOVA for characteristics 
PCA (motivational factors) 
Conditional Logit + Latent Class Model (NLOGIT) 
Willingness-to-pay calculated from attribute coefficients",SAS; Stata,150,Farmer/grower,Micronutrients,No,N/A,"",Sorghum,Burkina Faso,Farmer/grower,Micronutrients,increased,"","","","","","","","","","","","","","","","","","","","","","","","","","","","","","","","","","","","","","","","","","","","","","","","","","","","","","","","","","","","","","","","","",Location/geography,"","Farmers, on average, valued sorghum seed with increased micronutrients and were willing to pay a premium, though the premium differed strongly by segment (highest in the “Micronutrient preference” class). 
About 73% of sampled farmers would choose the biofortified alternative over sticking with local seed (from opt-out shares in the conditional logit summary). "
1677,Tesfamichael 2013,"Documentation of sorghum (Sorghum bicolorL. Moench) landraces: production, utilization and challenges in Eritrea.",Consensus,"","Documentation of Sorghum (Sorghum bicolor L. Moench) Landraces: Production, Utilization and Challenges in Eritrea",Journal of Agricultural and Biological Science,June 2013,Research article,Eritrea,"","The objectives of the study were to document sorghum production systems, utilization and challenges as well as farmers' preferences and criteria for selection of the landraces to meet different needs","Goluj, Tesseney, Hamelmalo, and Segeneyti",Sorghum,Qualitative study,Focus group; Survey/questionnaire,"","tables, charts and graphs",Excel; Other: XLSTAT,190,Farmer/grower,Color,Yes,"injera, porridge, siwa (beer), and bread","",Sorghum,Eritrea,Farmers,Color,"White and red for food/injera, brown for beer, red for beer in highlands, red for food in lowlands",Location,"","","","","","",Location,"","","","","","","","","","","","","","","","","","","","","","","","","","","","","","","","","","","","","","","","","","","","","","","","","","","","","","","","","",Location/geography; Other: end use,The purported use of the grain affects farmers' preference of grain color,"In Eritrea, Red sorghum is overall preferred for Injera (bread) and White sorghum is slightly preferred for beer making. This differs in the Highlands and Lowlands where people prefer White sorghum for food and Red/Brown for beer, and White/Red sorghum for food and Brown for beer, respectively."
1665,,Foodgrain marketing and agricultural development in India.,Consensus,"",Foodgrain Marketing and Agricultural Development in India,"Proceedings of the International Workshop on Socioeconomic Constraints to Development of Semi-Arid Tropical Agriculture, ICRISAT",1979,Conference proceedings,India,1977-1978,"The study conducted by ICRISAT focuses on understanding and measuring grain quality preferences across the food grain value chain in India, with specific emphasis on how consumer preferences influence market dynamics","Hyderabad, Jadhpur, Maharashtra",Sorghum; Pearl millet,Experimental study,Market data analysis/hedonic pricing,"",multivariate regression analysis,No/not reported,"",Farmer/grower; Consumer; Distribution/retailer/trader,"Starch, protein, tannins, fiber, and/or fat; Color; Grain morphology (e.g. pericarp thickness)",No,"","",Sorghum,India,Consumer,color,"yellow, not red","","",Pearl millet,India,Consumer,color,not white,"","","","","","","","","","","","","","","","","","","","","","","","","","","","","","","","","","","","","","","","","","","","","","","","","","","","","","","","","","",None reported,"",Consumers in India prefer yellow sorghum and not white pearl millet.
1627,Muui 2013,Baseline survey on factors affecting sorghum production and use in eastern Kenya.,Consensus,"",BASELINE SURVEY ON FACTORS AFFECTING SORGHUM PRODUCTION AND USE IN EASTERN KENYA,"African Journal of Food, Agriculture, Nutrition, and Development",January 2013,Research article,Kenya,"",The study aimed at gathering information on factors that affect sorghum production and use in lower eastern Kenya. ,"Mbeere, Makueni, Kitui and Mutomo",Sorghum,Qualitative study,Interview; Survey/questionnaire,"","Analysis of variance, least significant differences",No/not reported,120,Farmer/grower,"Sensory (aroma, taste, appearance, etc.); Milling/processing quality",No,"unfermented porridge, ugali ","",Sorghum,Kenya,Farmer,Taste,Good taste,More preferred in Mbeere,40% ,Sorghum,Kenya,Farmer,Cleaning ability,easy,only preferred in Kitui,7%,"","","","","","","","","","","","","","","","","","","","","","","","","","","","","","","","","","","","","","","","","","","","","","","","","","","","","","","","",Location/geography,"",Sorghum farmers in Kenya preter grain that tastes good and is easy to clean.
1608,Tariku 2023,"Improved highland sorghum on-farm demonstration using cluster farming approach at Chiro Districts of West Harerghe Zone, Eastern Ethiopia.",Consensus,"","Improved Highland Sorghum on-farm demonstration using cluster farming approach at Chiro districts of West Harerghe Zone, Eastern Ethiopia",Journal of Agricultural  Research Advances,5 February 2023,Research article,Ethiopia,2020,To demonstrate the effectiveness of a high-yield improved highland sorghum variety and assess farmer feedback,Arberekete kebele of Chiro district located in West Hararghe Zone,Sorghum,Qualitative study,Interview; Participatory plant breeding,"",average and frequency distribution,No/not reported,70,Farmer/grower,Size and shape; Color,Yes,"","",Sorghum,Ethiopia,Farmer,grain color,Brown,"","",Sorghum,Ethiopia,Farmer,grain size,Large,"","","","","","","","","","","","","","","","","","","","","","","","","","","","","","","","","","","","","","","","","","","","","","","","","","","","","","","","","","",None reported,"",Sorghum farmers in Ethiopia prefer large brown grains.
1574,Wortmann 2006,Atlas of sorghum (Sorghum bicolor (L.) Moench: production in five countries of Eastern Africa.,Consensus,"",Atlas of Sorghum (Sorghum bicolor (L.) Moench): Production in Eastern and Southern Africa," International Sorghum and Millet Collaborative 
Research Support Program (INTSORMIL CRSP) DigitalCommons@University of Nebraska - Lincoln",2009,Book,"Ethiopia, Kenya, Malawi, 
Mozambique, Rwanda, Tanzania, Uganda, Zambia, and Zimbabwe","","aid in prioritization of research and 
development activities, such as identification of the primary production constraints or most important traits considered by farmers in cultivar selection","",Sorghum,Qualitative study,Interview; Ranking; Case study,"","The assessment oft he importance of 28 sorghum phenotypic preferences was done by allocating a total of 30 points among these preferences for each SPA. In the analysis of the data, each point was considered to be the equivalent of 3.3% of the 
total consideration given to phenotypic preferences for the SPA.",No/not reported,"Ethiopia (6), Kenya (3), Mozambique (7), Rwanda (3), Uganda (12), Tanzania (7), Zambia (3), and Zimbabwe (2)",Farmer/grower,"Size and shape; Starch, protein, tannins, fiber, and/or fat; Color",No,"brewing, baking, boiled grain, injera, popping, beverage","",Sorghum,Ethiopia,Farmer,Color,tan,Location,"",Sorghum,"Mozambique, Zambia, Zimbabwe, Malawi",Farmer,Color,white,Location,"",Sorghum,"Kenya, Rwanda, Uganda",Farmer,Color,red and brown,Location,"",Sorghum,Tanzania,Farmer,Color,"white, red and brown",Location,"",Sorghum,"Mozambique, Ethiopia",Farmer,size,large,"","",Sorghum,Ethiopia,Farmer,tannins ,low,Location,"",Sorghum,"Zambia, Zimbabwe",Farmer,tannins,high,Location,"","","","","","","","","","","","","","","","","","","","","","",Location/geography,"","Sorghum color, size, and tannin level preferences for farmers differ by region."
1560,Koreissi 2015,Fonio (Digitaria exilis) in West Africa: towards improving nutrient quality.,Consensus,"",Fonio (Digitaria exilis) in West Africa: Towards Improving Nutrient Quality ,"",08 september 2015,Dissertation/thesis,Mali,from 2006 to 2011,"To assess the consumption patterns and contribution of fonio to nutrient intakes in urban Malian women of reproductive age; To assess nutrient and phytic acid content, genetic and sensory diversity, and effect of processing of fonio landraces in Mali","Ségou and Sikasso Regions, Bamako",Fonio,Mixed methods,Interview; Focus group; Survey/questionnaire; Sensory evaluation/taste testing; Observations,"",two-way variance analysis ; PCA ; HCA ; ANOVA ; Newman-Kuels,SPSS; Other: XLSTAT,30,Farmer/grower; Consumer; Processor/miller; Chef/brewer/home cook,"Size and shape; Color; Hardness; Sensory (aroma, taste, appearance, etc.); End-use quality (baking, malting, etc.)",Yes,djouka,"",Fonio,Mali,Consumers ; Processors ; Cook,hardness or consistency,soft consistency when cooked,"",30/30,Fonio,Mali,Consumers ; Processors ; Cook,Color ,pale,"",20/30,Fonio,Mali,Consumers ; Processors ; Cook,taste,sweet,"",23/30,Fonio,Mali,Consumers ; Processors ; Cook,size,smaller,"","","","","","","","","","","","","","","","","","","","","","","","","","","","","","","","","","","","","","","","","","","","",None reported,"","stakeholders in Mali prefer fonio that is pale in color, cooks to have a smooth texture, and has a sweet flavor "
1489,Bernardo 2019,Impact of extruded sorghum genotypes on the rehydration and sensory properties of soluble beverages and the Brazilian consumers' perception of sorghum and cereal beverage using word association.,Consensus,10.1016/j.jcs.2019.102793,Impact of extruded sorghum genotypes on the rehydration and sensory properties of soluble beverages and the Brazilian consumers’ perception of sorghum and cereal beverage using word association,Journal of Cereal Science,22 June 2019,Research article,Brazil,"","evaluate the potential of whole grain sorghum as the raw material for the preparation of a beverage, using thermoplastic extrusion, suitable for Brazilians. Also, the study evaluated the most appropriate sorghum genotype to formulate a bev-erage reconstituted from an extruded sorghum powder, according to the sensory and rehydration characteristics",Rio de Janeiro,Sorghum,Mixed methods,"Survey/questionnaire; Hedonic scale; Sensory evaluation/taste testing; Other: Check-all-that-apply, Word association","William's Latin Square, Ward's aggregation criterion","ANOVA, Fisher Test, Cochran's Q, multiple factor analysis, hierarchical clustering from principal components, Pearson's correlation",R,108,Consumer,"Starch, protein, tannins, fiber, and/or fat; Color; Sensory (aroma, taste, appearance, etc.); End-use quality (baking, malting, etc.)",Yes,Beverage,"",Sorghum,Brazil,Consumer,Solubility,High,"","",Sorghum,Brazil,Consumer,Tannins,low,"","",Sorghum,Brazil,Consumer,Flavor,"Popcorn/peanut, not rancid","","",Sorghum,Brazil,Consumer,Aroma,"Popcorn/peanut, not rancid","","","","","","","","","","","","","","","","","","","","","","","","","","","","","","","","","","","","","","","","","","","","",None reported,"","rehydration and sorghum color, observed by both physical and sensory analysis, were the most influential factor for sensory acceptance, followed by condensed tannin"
1482,Mofokeng 2016,Constraints and varietal trait preferences of sorghum producers in South Africa.,Consensus,"",Constraints and varietal trait preferences of sorghum producers in South Africa,Journal of Tropical Agriculture,2016,Research article,South Africa,2013-2014,"To determine sorghum production constraints, farmers' preferred traits and the profile of ideal sorghum varieties under smallholders farming systems in Limpopo Province.","Limpopo Province (Sekhukhune and Waterberg Districts; Municipalities: Fetakgomo, Makhuduthamaga, Tubatse, Lephalale)",Sorghum,Qualitative study,Interview; Focus group; Survey/questionnaire; Ranking,"","Cross tabulations, Chi-square analysis",SPSS,311,Farmer/grower,"Sensory (aroma, taste, appearance, etc.)",Yes,Food (porridge/ugali),"",Sorghum,South Africa,Farmers,Taste,Good taste,Location,Rank 1,"","","","","","","","","","","","","","","","","","","","","","","","","","","","","","","","","","","","","","","","","","","","","","","","","","","","","","","","","","","","","","","",Location/geography,"","Farmers from South Africa prefer good-tasting sorghum, especially for preparing porridge"
1411,Muui 2013,Identification and evaluation of sorghum (Sorghum bicolor(L.) Moench) germplasm from Eastern Kenya.,Consensus,10.5897/AJAR11.1519,Identification and evaluation of sorghum (Sorghum bicolor (L.) moench) germplasm from Eastern Kenya,African Journal of Agricultural Research,19 September 2013,Research article,Kenya,2010-2011,"To identify different sorghum landraces, establish traits preferred by farmers, determine seed sources, and classify variety types in Eastern Kenya.","Kitui, Makueni, Mbeere and Mutomo districts in eastern Kenya",Sorghum,Qualitative study,Observations; Not reported/uncertain,Munsel color charts used for seed color identification.,"Analysis of variance, least significant differences",SAS,"",Farmer/grower,"Color; Sensory (aroma, taste, appearance, etc.); Milling/processing quality",No,"fermented and unfermented porridge, ugali (thick porridge)","",Sorghum,Kenya,Farmer,taste,good,more preferred in Mbeere,40%,Sorghum,Kenya,Farmer,Clean ability,easy,Only preferred in Kitui,7% ,"","","","","","","","","","","","","","","","","","","","","","","","","","","","","","","","","","","","","","","","","","","","","","","","","","","","","","","","",Location/geography,"",Farmers in Kenya prefer sorghum that is easy to clean and tastes good.
1387,Okot 2022,Diagnostic appraisal of the sorghum farming system and breeding priorities in Sierra Leone.,Consensus,10.3390/su14127025,Diagnostic Appraisal of the Sorghum Farming System and Breeding Priorities in Sierra Leone,sustainability,8 June 2022,Research article,Sierra Leone ,January - March 2019,"assess the sorghum farming system, sorghum production constraints, and farmers’ preferences for sorghum variety in Sierra Leone to guide breeding.","Bo, Bombali, Kambia, Kenema, Moyamba, Port Loko, and Tonkolili",Sorghum,Qualitative study,Interview; Focus group; Survey/questionnaire; Observations,"",Statistical analysis,SPSS,210,Farmer/grower,Color,No,brew,"",Sorghum,Sierra Leone ,Farmer/grower,grain color,White,"","","","","","","","","","","","","","","","","","","","","","","","","","","","","","","","","","","","","","","","","","","","","","","","","","","","","","","","","","","","","","","","","",None reported,"",Farmers in Sierra Leone prefer white sorghum grain.
1300,Belavady 1984,Consumer acceptability of a few sorghum varieties released in Karnataka and varieties with special nutritional characteristics.,Consensus,"",Consumer Acceptability of a Few Sorghum Varieties Released in Karnataka and Varieties with Special Nutritional Characteristics,Indian Journal of Nutrition and Dietetics,November 1984,Research article,India,1982-1983,Evaluate consumer preferences of specific sorghum varieties and test the assumption that high yielding varieties are not grown for personal consumption,"Karnataka, Dharwad, Annigeri",Sorghum,Experimental study,Hedonic scale; Sensory evaluation/taste testing; Cooking quality test,"","Mean acceptability scores were calculated and compared across varieties and treatments. Analysis of variance (F-ratio, CD) was used to test varietal and treatment effects.",No/not reported,16,Consumer,"Color; Grain morphology (e.g. pericarp thickness); Sensory (aroma, taste, appearance, etc.); End-use quality (baking, malting, etc.); Storability",Yes,Roti,"",Sorghum,India,Consumers,Color,White,"","","","","","","","","","","","","","","","","","","","","","","","","","","","","","","","","","","","","","","","","","","","","","","","","","","","","","","","","","","","","","","","","",None reported,"",Consumers prefer light colored grain and dislike red
1267,Kassa 2023,"Investigation of sorghum (Sorghum bicolor L.) variety preferences of farmers in the potential low land areas of North Shewa zone, Amhara region.",Consensus,10.24925/turjaf.v11i4.665-670.5416,"Investigation of Sorghum (Sorghum bicolor L.) Variety Preferences of Farmers in the Potential Low Land Areas of North Shewa Zone, Amhara Region",Turkish Journal of Agriculture - Food Science and Technology,2023,Research article,Ethiopia,2020,demonstrate the improved sorghum variety with its improved management practices and to assess farmers’ and extension workers’ reactions,"North Shewa Zone, Amhara Region Ethiopia",Sorghum,Qualitative study,Focus group; Participatory plant breeding,"","descriptive statistics, independent sample T- test",No/not reported,120,Farmer/grower,Size and shape; Color,Yes,Injera (traditional bread),"",Sorghum,Ethiopia,Farmer/grower,grain color,yellow,"","",Sorghum,Ethiopia,Farmer/grower,grain size,large,"","","","","","","","","","","","","","","","","","","","","","","","","","","","","","","","","","","","","","","","","","","","","","","","","","","","","","","","","","",None reported,"",Farmers in Ethiopia prefer sorghum grain that is large and yellow.
1249,VeerabhadrappaBellundagi 2017,Application of conjoint analysis for consumer preference evaluation of Ragi in Karnataka.,Consensus,10.5958/2322-0430.2017.00162.7,Application of conjoint analysis for consumer preference evaluation of Ragi in Karnataka,Indian Journal of Economics and Development,April 2017,Research article,India,2014-2015,"analyze the growth and instability, market competitiveness in production and value addition of Ragi. In this study willingness to accept and pay for the biotechnologically improved varieties by farmers as well as consumers will be estimated",Bengaluru and Vijayapura districts of Karnataka,Finger millet,Mixed methods,Interview; Market data analysis/hedonic pricing,"","additive conjoint analysis, Pearson's and Kendall's correlation ",No/not reported,120,Consumer; Chef/brewer/home cook,"Color; Sensory (aroma, taste, appearance, etc.); End-use quality (baking, malting, etc.)",No,"","",Finger millet,India,Consumer,Color,red,more important to urban than rural,"",Finger millet,India,Consumer/cook,Cooking time,Shorter,important for one district but not the other,"",Finger millet,India,Consumer,Taste,good,"","","","","","","","","","","","","","","","","","","","","","","","","","","","","","","","","","","","","","","","","","","","","","","","","","","",Location/geography; Other: Urban/rural,majority of consumers belonged to low-income group in rural region,"Consumers in India prefer red, good-tasting ragi, which requires less cooking time. Data varied between rural and urban locations but generally led to the same results. "
1242,Adinsi 2014,Processing and quality attributes of gowe: a malted and fermented cereal-based beverage from Benin.,Consensus, 10.3362/2046-1887.2014.016,Processing and quality attributes of gowe: a malted and fermented cereal- based beverage from Benin,Food Chain,July 2014,Research article,Benin,"","Gather information on the processing techniques, consumption, and quality attributes of gowe through stakeholder knowledge and perception ","Zou and Collines, Benin",Sorghum,Qualitative study,Interview; Focus group; Survey/questionnaire,"",Descriptive statistics and multivariate analyses,"Other: Sphinx plus2, XLSTAT 2011","109 producers, 300 consumers",Consumer; Chef/brewer/home cook,"Color; Sensory (aroma, taste, appearance, etc.); End-use quality (baking, malting, etc.)",No,Gowe,"",Sorghum,Benin,Chef/brewer/home cook,Color,Red,"",81% mentioned,"","","","","","","","","","","","","","","","","","","","","","","","","","","","","","","","","","","","","","","","","","","","","","","","","","","","","","","","","","","","","","","",None reported,"",Gowe producers prefer red sorghum varieties because consumers prefer red gowe 
1163,Debrah 1996,On-farm experiments with sorghum to assess the acceptability of new varieties and herbicide treatments.,Consensus,10.1017/S0014479700026120,On-Farm Experiments with Sorghum to Assess the Acceptability of New Varieties and Herbicide Treatments,Experimental Agriculture,1996,Research article,Mali,1990-1993,"farmer participatory assessment of the processing and food qualities of
improved sorghum varieties","Nankilabougou, Siramana, Garasso and Dibaro",Sorghum,Experimental study,Ranking; Sensory evaluation/taste testing; Cooking quality test,"","descriptive statistics, kendalls concordance statistic ",No/not reported,"24 processors, 72 consumers",Consumer; Processor/miller; Chef/brewer/home cook,"Grain morphology (e.g. pericarp thickness); Sensory (aroma, taste, appearance, etc.); Milling/processing quality; End-use quality (baking, malting, etc.); Storability",Yes,To,"",Sorghum,Mali,Processor,vitreousness (dehulling loss),low,"","","","","","","","","","","","","","","","","","","","","","","","","","","","","","","","","","","","","","","","","","","","","","","","","","","","","","","","","","","","","","","","","",None reported,"",Mali processors prefer Sorghum with low vitreousness Scores because the dehulling  loss is low.
1143,AdugnaAbdi 2005,"In situ(on-farm) conservation dynamics and the patterns of uses of sorghum (Sorghum bicolor(L.) Moench) landraces in North Shewa and South Welo, central highlands of Ethiopia.",Consensus,10.4314/ejbs.v4i2.39021,"In-situ (on-farm) conservation dynamics and the patterns of uses of sorghum (Sorghum bicolar(L.) Moech landraces in North Shewa and South Welo, Ethiopia",Ethiopian Journal of Biological Sciences,2005,Research article,Ethiopia,1999-2000; 2003-2004,This study aimed to investigate the in-situ (on-farm) conservation dynamics and utilization patterns of sorghum landraces in specific regions of Ethiopia.,"North Shewa, South Welo",Sorghum,Qualitative study,Interview,Shannon–Weaver Diversity Index; Simpson's Diversity Index ; Use-Value Index,"Use Value Index, Shannon-Weaver diversity Index, Simpson diversity index, ANOVA, Regression Analysis",Other: MINITAB,30,Farmer/grower,"Starch, protein, tannins, fiber, and/or fat; Digestibility; Milling/processing quality; End-use quality (baking, malting, etc.); Storability",Yes,"Injera, Porridge, Bread, Malting, Medicine","",Sorghum,Ethiopia,Farmer,milling quality,good,"","",Sorghum,Ethiopia,Farmer,fermentative ability for beer,good,"","","","","","","","","","","","","","","","","","","","","","","","","","","","","","","","","","","","","","","","","","","","","","","","","","","","","","","","","","",None reported,"",This study indicates that landraces that have been conserved on-farm by farmers are very diverse and their multipurpose nature is striking and hence need to be included in landrace enhancement and crop breeding programs
1142,Ega 1992,Acceptability of improved varieties of sorghum for consumption in northern Nigeria.,Consensus,"","Acceptability of improved varieties of sorghum for consumption in northern Nigeria","Food and Nutrition Bulletin, Food Science ",1992,Research article,Nigeria ,"","whether several new sorghum of varieties that  have been found to have high agronomic performance are acceptable for consumption by using them in two foods commonly prepared from Sorghum","Zaria, Nigeria",Sorghum,Experimental study,Sensory evaluation/taste testing; Cooking quality test,"","",No/not reported,41 (28 (for sensory evalutions) ; 13 (tasters)),Farmer/grower; Consumer; Chef/brewer/home cook,"Color; Sensory (aroma, taste, appearance, etc.); Milling/processing quality; End-use quality (baking, malting, etc.); Storability",Yes,Kamu and Tuwo (Porridge),"",Sorghum,Nigeria,Consumer,Color,White,"","",Sorghum,Nigeria,Consumer,Endosperm texture,floury,"","",Sorghum,Nigeria,Chef/brewer/home cook,Storability ,grain that retains its moisture ,"","","","","","","","","","","","","","","","","","","","","","","","","","","","","","","","","","","","","","","","","","","","","","","","","","","",None reported,"","Consumers in Nigeria preferred white, yellow, or cream-coloured and floury or floury-flint grains. "
1140,Makhwaje 1996,On-farm testing of prereleased sorghum varieties in Botswana.,Consensus,"",On- Farm Testing of Prereleased Sorghum Varieties in Botswana,ICRISAT,1996,Conference proceedings,Botswana,1992-1994,Evaluate prereleased sorghum varieties on yield and farmer-perception.,"Central, North East, and Southern Botswana",Sorghum,"",Sensory evaluation/taste testing; Willingness to pay,"",aggregation of farmer responses from perception tests,No/not reported,48,Farmer/grower; Consumer,"Color; Sensory (aroma, taste, appearance, etc.); End-use quality (baking, malting, etc.)",Yes,"porridge, beer","",Sorghum,Botswana,Farmer,grain color,White grain is preferred for porridge over red grain,"","",Sorghum,Botswana,Farmer,taste,not bitter,"","","","","","","","","","","","","","","","","","","","","","","","","","","","","","","","","","","","","","","","","","","","","","","","","","","","","","","","","","",None reported,"",Sorghum farmers in Botswana prefer white grains that don't produce bitter porridge.
1128,Ramasamy 2000,"Improved cultivars of pearl millet in Tamil Nadu: adoption, impact, and returns to research investment.",Consensus,"","Perceptions and Adoption Decisions of Farmers in Cultivation of Improved Pearl Millet 
CuItivars - A Study in Tamil Nadu",Indian Journal of Agricultural Economics,April 1999,Research article,India,1996-1997,measure the scale of adoption and varietal composition of ICs of pearl millet in Tamil Nadu and identify the determinants of adoption of ICs of pearl millet and to quantify their influence,28 villages in Tamil Nadu,Pearl millet,Qualitative study,Focus group; Survey/questionnaire; Participatory plant breeding,"","Percentage analysis, Tobit model",No/not reported,448,Farmer/grower; Consumer,"Size and shape; Sensory (aroma, taste, appearance, etc.)",Yes,"","",Pearl Millet,India,Farmer,Size,bold,"","",Pearl Millet,India,Farmer,taste,good,"","","","","","","","","","","","","","","","","","","","","","","","","","","","","","","","","","","","","","","","","","","","","","","","","","","","","","","","","","",None reported,"",Farmers in India prefer bold and good tasting pearl millet
1099,Lubadde 2016,Production determinants of the pearl millet cropping system in Uganda and implications to productivity.,Consensus,10.5539/jas.v8n7p97,Production Determinants of the Pearl Millet Cropping System in Uganda and Implications to Productivity,Journal of Agricultural Science ,"June 15, 2016",Research article,Uganda,January 2012," 1) establishing the importance and utilisation of pearl millet, 2) assessing the extent to which improved inputs and improved technologies were used to increase productivity, 3) highlighting the 
agronomic factors, 4) identifying farmers’ desirable and undesirable, 5) establishing production and marketing constraints and 6) identifying the most important determinants of production.",Eastern (Kumi) and Northern (Kitgum) regions ,Pearl millet,Qualitative study,"Interview; Survey/questionnaire; Ranking; Observations; Other: Problem listing, transect walks",Farmer recall and prediction methods,descriptive statistics ,SPSS,140 households,Farmer/grower; Consumer; Chef/brewer/home cook,Size and shape; Color,No,"","",Pearl Millet,Uganda,Farmer/growers,Grain size,Big/large seeds,"",3.1,Pearl Millet,Uganda,Farmers/growers,Grain color,White/gray seeds,"",3.79,"","","","","","","","","","","","","","","","","","","","","","","","","","","","","","","","","","","","","","","","","","","","","","","","","","","","","","","","",None reported,"",Farmers in Uganda prefer large white/gray pearl millet grains
1095,Pale 2010,Sorghum malt and traditional beer (dolo) quality assessment in Burkina Faso.,Consensus,10.1080/03670241003697573,Sorghum Malt and Traditional Beer (Dolo) Quality Assessment in Burkina Faso,Ecology of Food and Nutrition,11 Mar 2010,Research article,Burkina Faso,"","identify the major criteria for assessing dolo and malt quality, and parameters affecting dolo and malt quality as perceived by processors and consumer","Central Plateau of Burkina Faso: Ouagadougou, Manga, Pouytenga, Mogtédo, Pabré and Kamboinsé ",Sorghum,Qualitative study,Survey/questionnaire,"","Chi-square tests, criteria mentioned by at least 50% of respondents judged as major criteria",SAS,240,Consumer; Processor/miller; Distribution/retailer/trader; Chef/brewer/home cook,"Size and shape; Color; Hardness; Sensory (aroma, taste, appearance, etc.); End-use quality (baking, malting, etc.); Other: Germinative power",No,"Malting, Dolo production","",Sorghum,Burkina Faso,Processor/miller,germinative power,quickly germinate,"",40%,Sorghum,Burkina Faso,Processor/miller,grain color,bright red,"",29%,Sorghum,Burkina Faso,Processor/miller,grain size,large,"",20%,"","","","","","","","","","","","","","","","","","","","","","","","","","","","","","","","","","","","","","","","","","","","","","","","","",None reported,"","Red grain sorghum varieties are the most used for dolo production in the Central Plateau of Burkina Faso, but results indicated that grain color was not perceived as being a major parameter affecting malt quality, in contrast to being a major factor that guides processors’ choice when purchasing grain for dolo production. "
1094,Kalema 2022,Mapping out market drivers of improved variety seed use: the case of sorghum in Tanzania.,Consensus,10.1016/j.heliyon.2022.e08715,Mapping out market drivers of improved variety seed use: the case of sorghum in Tanzania,Heliyon,2022,Research article,"Tanzania, also Kenya, Burundi, Rwanda, and Uganda","",To identify drivers that persuade Tanzanian farmers to use improved variety seeds for grain production.,"Mkalama, Singida DC, Iramba, Ikungi, Serengeti, Rombo, Momba, Nkas, Kongwa, and Tarime Districts in Tanzania",Sorghum,Qualitative study,Interview; Focus group; Survey/questionnaire,"","Descriptive analysis, Binary Logistic model, Probit model and gross margin analysis",SPSS; Stata,212,Farmer/grower; Distribution/retailer/trader,Color,No,"porridge, flour, and breweries","",Sorghum,Tanzania,Traders,Grain color,White and red,"","",Sorghum,Kenya,Traders,Grain color,White,"",86.0,Sorghum,Burundi,Traders,Grain color,Red,"",100,Sorghum,Uganda,Traders,Grain color,White,"",80.0,Sorghum,Rwanda,Traders,Grain color,Red,"",72.7,"","","","","","","","","","","","","","","","","","","","","","","","","","","","","","","","","","","",Location/geography,"","Grain traders in Tanzania generally prefer white grains with red grains being second place over tan grains. However, red grains are most preferred in the Lake zone as well as neighboring Burundi and Rwanda. Kenya and Uganda prefer white grains as well."
1086,Sajjanar 2010,Testing sorghum varieties of northern dry zone of Karnataka for flaking.,Consensus,"",Testing sorghum varieties of northern dry zone of Karnataka for flaking ,Asian Journal of Home Science ,June 2010,Research article,India,2005-2006,To test some of the special sorghum varieties for flaking ,Atharga Village; Northern Dry Zone of Karnataka,Sorghum,Experimental study,Hedonic scale; Sensory evaluation/taste testing,"","",No/not reported,25,Consumer,"Size and shape; Starch, protein, tannins, fiber, and/or fat; Color; Grain morphology (e.g. pericarp thickness); Milling/processing quality",Yes,"Flaking and Commercial Exploitation, Traditional Food Preparations,Consumer Snacks","",Sorghum,India,Consumer,Color,red is preferred over white,"","",Sorghum,India,Consumer ,Starch,high gelatinization property of the starch is preferred to make uniform elliptical shaped flakes ,"","","","","","","","","","","","","","","","","","","","","","","","","","","","","","","","","","","","","","","","","","","","","","","","","","","","","","","","","","",None reported,"","to make flakes from sorghum, a red color and high gelatinization from starch are preferred "
1060,Dossou-Aminon 2014,"Diversity, genetic erosion and farmer's preference of sorghum varieties [Sorghum bicolor(L.) Moench] in North-eastern Benin.",Consensus,10.1016/j.heliyon.2025.e42378,"Diversity, genetic erosion and farmer’s preference of sorghum varieties [Sorghum bicolor (L.) Moench] in North-Eastern Benin",International Journal of Current Microbiology and Applied Sciences ,November 10th 2014,Research article,Benin,"","prioritize constraints associated with sorghum production in the north east of Benin ; assess the diversity, distribution, and extent of cultivated varieties ; document farmers' varieties preference criteria for use in breeding and extension programs ; evaluate, in participatory way, existing varieties for their agronomic, culinary, and technological characteristics ","Borgou, Alibori",Sorghum,Qualitative study,Interview; Focus group; Survey/questionnaire; Participatory plant breeding,Four cell Analysis,"Shannon-Weaver diversity index, descriptive statistics, rate of varietal loss, dendrogram, cluster analysis, Pearson coefficients",SAS; Other: STATISTICA,"300-600 total, 15 villages",Farmer/grower,"Size and shape; Color; Milling/processing quality; End-use quality (baking, malting, etc.)",Yes,"dough, porridge, tchoukoutou (beer)","",Sorghum,Benin,Farmer/grower,grain color,red,location (Agramarou and Djega) and intended for market,"",Sorghum,Benin,Farmer/grower,beverage suitibility,high,"location, Mokole ranks it 3, Bariba 8","",Sorghum,Benin,Farmer/grower,flour yield,high,"location, Boo ranks 3, Bariba ranks 10 for importance","","","","","","","","","","","","","","","","","","","","","","","","","","","","","","","","","","","","","","","","","","","","","","","","","","",Gender; Location/geography,Access to markets and other countries,"Farmers in Benin put different weight on trait importance, but generally prefer grain that results in high flour yield and good beer."
1058,Songre-Ouattara 2016,What varieties of sorghum meet the demands of producers of malt and dolo in Burkina Faso.,Consensus,10.4314/jab.v106i1.9,"Quelles variétés de sorgho pour satisfaire les 
exigences des productrices de malt et de dolo au 
Burkina Faso?",Journal of Applied Biosciences,31st October 2016,Research article,Burkina Faso,May and June 2015,The primary objective of this study was to identify the specific types and characteristics of sorghum grains that are preferred by processors. This identification aims to facilitate the production of high-quality sorghum malt and/or the traditional sorghum beer known as dolo,"Kadiogo, Kouritenga, and Mouhoun provinces of Burkina Faso",Sorghum,Qualitative study,Survey/questionnaire,"",Chi^2 tests,Other: Sphinx,210,Chef/brewer/home cook,"Size and shape; Color; Hardness; Sensory (aroma, taste, appearance, etc.); End-use quality (baking, malting, etc.)",No,"","",Sorghum,Burkina Faso,Brewer,Color,Red,"",72.5% use red over white,Sorghum,Burkina Faso,Brewer,Hardness,Hard,Location,17% of respondents said that a hard grain was their first priority (Sat at ~20% for Kouritenga and Mouhoun and ~5% for Kadiogo),Sorghum,Burkina Faso,Brewer,Weight,Light (Kadiogo province) vs. Heavy (Kouritenga),Location,~6% for heavy vs. ~1% for light (all for light were from Kadiogo province vs. all for Heavy from Kouritenga),Sorghum,Burkina Faso,Brewer,Malting quality,Good germination,Location,42% said this was the priority (This was the greatest priority in Kadiogo (60%) and Mouhoun (~42%) and the second most in Kouritenga (~28%) after red grain.),Sorghum,Burkina Faso,Brewer,Color,Red,Location,22% prioritize red vs. ~1% for white (Red was prioritized by 15-35% from every province. Only Kadiogo had 10% preferring white),Sorghum,Burkina Faso,Brewer,Taste,Sweet,Location,"~3% prioritize sweet grain (mostly from Kouitenga, some from Mouhoun)",Sorghum,Burkina Faso,Brewer,Odor,Odorless,Location,~5% prioritize odorless grains (all from Mouhoun),Sorghum,Burkina Faso,Brewer,Size,Large,"",~2% for large grains (all from Kouritenga),"","","","","","","","","","","","","","",Location/geography,"","There is a lot of variation between regions among female brewers/malters in Burkina Faso but red, hard, and consistently-germinating grains are generally most preferred."
1057,Muui 2013,Participatory identification and evaluation of sorghum (Sorghum bicolor(L.) Moench) landraces from lower eastern Kenya.,Consensus,10.14303/irjas.2013.083 ,Participatory identification and evaluation of sorghum (Sorghum bicolor (L.) Moench) landraces from lower eastern Kenya ,International Research Journal of Agricultural Science and Soil Science,August 2013,Research article,Kenya,2010-2011,"identify different sorghum
landraces still kept by farmers in different agro ecological zones, establish the variability based on grain color, traits preferred and the grain use for each landrace","Kitui, Mbeere, Makueni and Mutomo ",Sorghum,Qualitative study,Survey/questionnaire,"","PROC GLIMMIX model, ANOVA, Least Significant Differences",SAS,120,Farmer/grower,"Color; Sensory (aroma, taste, appearance, etc.); Milling/processing quality",Yes,"Ugali, pilau, mathura, Porridge, brew, fermentation","",Sorghum,Kenya,Farmer,Color,"White, tan for porridge and baking","","",Sorghum,Kenya,Farmer,Color,Red and brown for porridge and brews,"","",Sorghum,Kenya,Farmer,Color,"Black, red, purple, pink and maroon are used for muthura and brews","","","","","","","","","","","","","","","","","","","","","","","","","","","","","","","","","","","","","","","","","","","","","","","","","","","",Location/geography,"",Farmers in Eastern Kenya have different color preferences for the sorghum that they use for different products like porridge or brewing
1045,Aboubacar 1999,Important sensory attributes affecting consumer acceptance of sorghum porridge in West Africa as related to quality tests.,Consensus,https://doi.org/10.1006/jcrs.1999.0283,Important Sensory Attributes Affecting Consumer Acceptance of Sorghum Porridge in West Africa as Related to Quality Tests,Journal of Cereal Science,1999,Research article,Niger,1990,"""to determine the most important sorghum porridge sensory quality attributes that affect consumer acceptance and to determine the best instrumental methods that could be used to predict consumer response to porridge quality""",Niger,Sorghum,Experimental study,Survey/questionnaire; Sensory evaluation/taste testing,"","ANOVA, least Significant difference, linear regression",SAS,57,Consumer,"Size and shape; Starch, protein, tannins, fiber, and/or fat; Color; Hardness; Sensory (aroma, taste, appearance, etc.)",Yes,Porridge,"",Sorghum,Niger,Consumer,Porridge stickiness,intense,"","",Sorghum,Niger,Consumer,Hardness,harder,"",r=0.69,Sorghum,Niger,Consumer,Color,lighter,"",r=0.94,"","","","","","","","","","","","","","","","","","","","","","","","","","","","","","","","","","","","","","","","","","","","","","","","","",None reported,"","The most important attributes were texture, taste and aroma. Color was less important. A wide range of colors were acceptable to consumers."
1027,Mwema 2016,"Harnessing opportunities for productivity enhancement for sorghum & millets (HOPE): baseline survey, Uganda.",Consensus,"","Harnessing Opportunities for Productivity Enhancement for Sorghum & Millets (HOPE): Baseline Survey, Uganda",ICRISAT (International Crops Research Institute for the Semi-Arid Tropics),15 May 2017,Other: Other: Working Paper,Uganda,April-May 2015,"The general objective of this survey is to provide a baseline against which to measure the 
impact of project activities on adoption of improved varieties, trait preferences, perceptions of production, and profitability of finger millet","Serere, Lira, Kole",Finger millet,Qualitative study,Survey/questionnaire; Ranking,"",The data was analyzed by descriptive statistics including cross-tabulation methods and ANOVA/Chi-square tests,SPSS,"190 (94 treatment households + 96 control households), 159 growers",Farmer/grower,"Size and shape; Color; Sensory (aroma, taste, appearance, etc.); End-use quality (baking, malting, etc.)",Yes,"Home consumption, Home brewing","",Finger Millet,Uganda,"Farmer/grower
",Brewing quality,good,"",22%,Finger Millet,Uganda,"Farmer/grower
",flour quality,high,"",27%,Finger Millet,Uganda,"Farmer/grower
","","","","","","","","","","","","","","","","","","","","","","","","","","","","","","","","","","","","","","","","","","","","","","","","","","","","","",None reported,"","Grain Quality Traits Included in farmer selection decisions:
Grain size: Mentioned by 36% of farmers (58 out of 159)
Color: Considered by 26% of farmers (42 out of 159)
Taste/aroma: Reported by 31% of farmers (50 out of 159)
High flour quality: Important to 27% of farmers (43 out of 159)
Good for brewing: Preferred by 22% of farmers (35 out of 159)"
1000,Rohrbach 2001,Testing the demand for sorghum meal in Tanzania: a case study with Power Foods.,Consensus,"",Testing the Demand for Sorghum Meal in Tanzania: a Case Study with Power Foods,"",2001,Case study,Tanzania,"",To determine consumer demand for sorghum meal in Tanzania,Dar es Salaam market,Sorghum,Qualitative study,Survey/questionnaire; Sensory evaluation/taste testing; Market data analysis/hedonic pricing,"","",No/not reported,"",Consumer,Color,Yes,sorghum meal,"",Sorghum,Tanzania,Consumers,Grain color,White,"","","","","","","","","","","","","","","","","","","","","","","","","","","","","","","","","","","","","","","","","","","","","","","","","","","","","","","","","","","","","","","","","",None reported,"",Consumers in Tanzania prefer whiter sorghum varieties to be used for sorghum meal production.
981,Mbulwe 2015,Effectiveness of participatory breeding and variety selection for sorghum technology adoption in Zambia.,Consensus,"",Effectiveness of participatory breeding and variety selection for sorghum technology adoption in Zambia,Net Journal of Agricultural Science ,"20 April, 2015",Research article,Zambia,2011-2012,"The overall objective of this social-economic research was to investigate the agronomic and socio-economic 
factors affecting the adoption of sorghum improved varieties in Milenge district. The specific objectives of this research were: (i) to evaluate the performance of the improved sorghum varieties, (ii) to evaluate the acceptability of improved sorghum varieties among farmers in Milenge, and (iii) assess the performance new variety against bird pests.",Kasepa ; Kapalala ; Sokontwe,Sorghum,"",Focus group,"",ANOVA ; Duncans Multiple Range test ; Pearson correlation ,SPSS,"",Farmer/grower,Color; Milling/processing quality,Yes,"","",Sorghum,Zambia,Farmers/growers,Color ,White,"",66% ,"","","","","","","","","","","","","","","","","","","","","","","","","","","","","","","","","","","","","","","","","","","","","","","","","","","","","","","","","","","","","","","",None reported,"","White grain color is most preferred by farmers, followed by brown, and lastly red in Zambia"
973,Gebreyohannes 2021,"Finger millet production in Ethiopia: opportunities, problem diagnosis, key challenges and recommendations for breeding.",Consensus,10.3390/su132313463,"Finger Millet Production in Ethiopia: Opportunities, Problem Diagnosis, Key Challenges and Recommendations for Breeding",Sustainability ,6 December 2021,Research article,Ethiopia,2021,"To document finger millet production opportunities, constraints, and farmer-preferred traits in Ethiopia to set breeding goals and guide variety design.","Atote Ulo, Wera, Shala, Siraro, Habro, Daro Lebu",Finger millet,Qualitative study,Interview; Focus group; Survey/questionnaire; Ranking,participatory rural appraisal,"descriptive statistics, chi-square test, PCA, cost-benefit ratios",R; SPSS; Excel,240 (Interviews) and 180 (Focus Group Discussions) = 420 total participants,Farmer/grower,"Size and shape; Sensory (aroma, taste, appearance, etc.); Milling/processing quality; End-use quality (baking, malting, etc.)",Yes,"Enjera, Brewing","",Finger Millet,Ethiopia,Farmer/grower,Grain size,large,"","",Finger Millet,Ethiopia,Farmer/grower,Brew-making quality,good,"","",Finger Millet,Ethiopia,Farmer/grower,taste,good,"","",Finger Millet,Ethiopia,Farmer/grower,`Enjera`-making quality,good,"","",Finger Millet,Ethiopia,Farmer/grower,Processing Quality,Ease of harvest and threshing,"","","","","","","","","","","","","","","","","","","","","","","","","","","","","","","","","","","","","",None reported,"", ‘enjera’-making quality can be prioritized in variety development to meet the aspirations of the farmers
972,Kouyate 2025,Diagnosis of millet [Pennisetum glaucum (L.) R. Br (L.)] cultivation practices in Cote d'Ivoire and study of the morphological diversity of millet ears found in cultivation areas.,Consensus,10.5539/jas.v17n1p115 ,Diagnosis of Millet [Pennisetum glaucum (L.) R. Br (L.)] Cultivation Practices in Côte d’Ivoire and Study of the Morphological Diversity of Millet Ears Found in Cultivation Areas,Journal of Agricultural Science ,December 15th 2024,Research article,Cote d'Ivoire,"",Diagnose millet cultivation in growing areas by identifying constraints to expansion and identification of best accessions,"Poro (Korhogo), Bagoué (Tengrela), 
Tchologo (Ouangolo and Kong), Hambol (Katiola), Gbêkê (Bouaké)",Pearl millet,"",Survey/questionnaire,Hierarchical Ascending Classification with the UPGMA method,"Pearson correlation, Kruskal-wallis test, ANOVA",No/not reported,146,Farmer/grower,Color,Yes,"","",Pearl Millet,Cote d'Ivoire,Farmer/grower,Color,Grey,"",81% ,"","","","","","","","","","","","","","","","","","","","","","","","","","","","","","","","","","","","","","","","","","","","","","","","","","","","","","","","","","","","","","","",None reported,"",Grey pearl millet seeds are the most popular amongst Farmers in Cote d’Ivoire.
949,Salasya 2009,The status of finger millet production in western Kenya.,Consensus,"",The status of finger millet production in western Kenya,African Crop Science Society,2009,Conference proceedings,Kenya,May and June 2007,"To identify preferred varietal attributes, existing production practices, and factors influencing farmers’ decisions to grow finger millet.","Siaya, Busia, and Teso districts in western Kenya",Finger millet,Qualitative study,Interview; Survey/questionnaire,"","descriptive statistics, binary choice model, ANOVA, probit regression",No/not reported,218,Farmer/grower,"Color; End-use quality (baking, malting, etc.)",Yes,beer,"",Finger millet,Kenya,Farmer,grain color,black and dark brown,"",30.8%,Finger millet,Kenya,Farmer,Brewing quality,makes good yeast ,very important in Teso,"","","","","","","","","","","","","","","","","","","","","","","","","","","","","","","","","","","","","","","","","","","","","","","","","","","","","","","","","",Location/geography,"",Farmers in Kenya prefer finger millet that is black and makes good yeast for brewing.
944,Hamba 2024,Farmer-preferred traits and variety choices for finger millet in Uganda.,Consensus,10.3389/fsufs.2024.1282268,Farmer-preferred traits and variety choices for finger millet in Uganda,Frontiers in Sustainable Food Systems,28 February 2024,Research article,Uganda,"",To identify and profile varietal traits desired by finger millet farmers and consumers and how these traits vary among women and men in the finger millet value chain. This study also dissects how socio-economic characteristics affect the trait preference of finger millet farmers.,"Bushenyi, Nwoya, Lira",Finger millet,Mixed methods,Interview; Focus group; Survey/questionnaire,"","descriptive statistics, chi-square, PCA, t-test, Probit regression analysis",SPSS; Stata; Excel,173 (quantitative) ; 24-48 (FGD) ; 3 (KIIs),Farmer/grower; Consumer,"Size and shape; Sensory (aroma, taste, appearance, etc.); End-use quality (baking, malting, etc.)",Yes,"beer, food","",Finger Millet,Uganda,Consumer,cooking quality,good,Men have stronger preference than women,60.9% vs 39.4%,Finger Millet,Uganda,Consumer,taste,good,"","",Finger Millet,Uganda,Farmer/grower,grain size,big,"women more likely to choose bigger grain than men, tertiary education holders more likely to choose bigger grain","",Finger Millet,Uganda,Farmer/grower,taste,good,"western Uganda ranks second priority of traits, not in other regions","",Finger Millet ,Uganda,Farmer/grower,"End-use quality (baking, malting, etc.)","absorbs water
","","",Finger Millet,Uganda,Farmer/grower,Milling/processing quality,easy-to-grind,"","",Finger Millet ,Uganda,Farmer/grower,Color ,good brown colour,"","","","","","","","","","","","","","","","","","","","","","","",Gender; Age; Location/geography; Education,"majority of finger millet farmers are women and have a low level of education, western Uganda produces finger millet primarily for food, Education drives access to information, and awareness of modern agricultural practices, technologies, and improved varieties ",taste was highly prioritized in western Uganda ; more men indicated a preference for finger millet with good cooking quality ; female farmers prioritized millet varieties with big grain size and taste 
934,Buah 2010,"Farmer assessment, conservation and utilization of endangered sorghum landraces in the Upper West Region of Ghana.",Consensus,"","Farmer Assessment, Conservation and Utilization of
Endangered Sorghum Landraces in the Upper West Region of Ghana",West African Journal of Applied Ecology,2010,Research article,Ghana,2005-2006,"To document indigenous knowledge and farmer perceptions about neglected/endangered sorghum landraces in the Upper West Region of Ghana, including farmers’ preference criteria (with strong emphasis on food quality), and to support participatory selection and conservation of landraces in situ and ex situ.","Northern, Upper West (Wa municipal, Sissala, Lawra and Jirapa/Lambussie district), and Upper East Ghana",Sorghum,"",Interview; Focus group; Ranking; Participatory plant breeding; Observations; Other: Pair-wise comparisons of landraces to elicit preference criteria ,"",Descriptive statistics,No/not reported,120,Farmer/grower,"Color; Sensory (aroma, taste, appearance, etc.); End-use quality (baking, malting, etc.)",Yes,"Tuo (thick porridge), Koko (thin porridge), Pito (local beer), Rice substitution / boiled and eaten like rice (e.g., gbaffulo)","",Sorghum,Ghana,Farmer/Grower,Color,White for food; dark brown for brewing,"","",Sorghum,Ghana,Farmer/Grower,End-use quality,Suitable for brewing,Gender and Religion,49.2% of respondents reported,Sorghum,Ghana,Farmer/Grower,Processing quality / texture,reject soft endosperm because makes tuo sticky/less firm and deteriorates overnight (starch gel collapse),"","","","","","","","","","","","","","","","","","","","","","","","","","","","","","","","","","","","","","","","","","","","","","","","","","","",Gender; Location/geography; Other: Religion,"Preferences and uses differ by geography (drier north vs wetter south), and by gender/social roles (women dominate pito brewing/marketing and have strong preferences tied to brewing quality and grain color). ","Farmer selection of sorghum landraces is strongly driven by food quality, especially the ability to make good tuo (taste/texture/processing + keeping quality). 
Grain color is tightly linked to end use: white preferred for food appearance, red/brown preferred for pito brewing and bird resistance. 
Processing/starch behavior matters in adoption: an improved early variety (Naga White) was rejected due to soft endosperm → sticky tuo → poor overnight stability. 
Farmers’ quality management includes selecting seed by panicle size, grain size, maturity, and grain health, but observations showed off-types and non-uniform grain quality, indicating a need for training and improved seed handling. "
932,Rao 1983,Village consumers preference for sorghum varieties and its relationship to sorghum preference index.,Consensus,"",Village Consumers Preference for Sorghum Varieties and Its Relationship to Sorghum Preference Index ,International Crops Research Institute for the Semi-Arid Tropics ,May 1983,Report,India,1977-80,To determine how rural consumers prefer to have their sorghum and compare results to previous studies,"Aurepalle village, Andhra Pradesh",Sorghum,Mixed methods,Interview; Ranking; Sensory evaluation/taste testing; Cooking quality test,Aurepalle Consumers Rank,"Multiple regression analysis, F-test ",No/not reported,40,Farmer/grower; Consumer,"Color; Sensory (aroma, taste, appearance, etc.); End-use quality (baking, malting, etc.)",Yes,"flour, chipati","",Sorghum,India,Consumer,Color,Yellow,"","","","","","","","","","","","","","","","","","","","","","","","","","","","","","","","","","","","","","","","","","","","","","","","","","","","","","","","","","","","","","","","","",Household size,"","Consumers in Aurepalle, India prefer local varieties of sorghum which are yellow in color."
918,Diallo 2018,Learning from farmers to improve sorghum breeding objectives and adoption in Mali.,Consensus,10.1080/15427528.2018.1531800,Learning from farmers to improve sorghum breeding objectives and adoption in Mali,Journal of Crop Improvement ,November 1st 2018 ,Research article,Mali,"","identify and understand farmers preferences for panicle-related traits, including panicle forms, droopiness, threshability, and visually assessable grain yield and grain quality traits that are critical for farmers to adopt new varieties of sorghum.",Sudan Savanna zone of Mali (Mande & Diolia),Sorghum,Qualitative study,Interview; Focus group; Survey/questionnaire; Ranking,"","thematic coding based on the research questions, descriptive summaries, and thematic frequenciessummaries",Excel; Other: QDA,175,Farmer/grower; Processor/miller; Chef/brewer/home cook,Color; Hardness; Grain morphology (e.g. pericarp thickness); Milling/processing quality; Storability,No,Gnegnekini,"",Sorghum,Mali,Farmer/grower,threshability,easy,"",14.5% discussion frequency,Sorghum,Mali,Farmer/grower,grain color,white,"",6.9% discussion frequency,Sorghum,Mali,Farmer/grower,hardness,hard,Particularly important for women,25% discussion frequency,Sorghum,Mali,Farmer/grower,storability,long lasting,"","",Sorghum,Mali,Farmer/grower,flour/semolina ratio,"at least both, prefer more semolina than flour",More important in Mande,"","","","","","","","","","","","","","","","","","","","","","","","","","","","","","","","","","","","",Gender; Location/geography,"Women are involved at every step of culinary process, Mande prefers more semolina than flour because of their main dish Gnegnekini requiring more semolina","Sorghum farmers in Mali prefer white hard grain that results in long storability, good flour/semolina ratio, and threshability."
912,Reddy 2018,Analysis of pearl millet market structure and value chain in India.,Consensus,10.1108/JADEE-02-2016-0007,Analysis of pearl millet market structure and value chain in India,Journal of Agribusiness in Developing and Emerging Economies,August 10 2017,Research article,India,2011,"Examine the grain and fodder value chain of pearl millet for different uses (food, feed, industrial and stover) in Western India","Patan and Banaskantha districts of Gujarat, Jodhpur ; Naguar districts of Rajasthan and Mahendergarh ; Bhiwani districts of Haryana",Pearl millet,Qualitative study,Interview; Focus group; Survey/questionnaire; Ranking,Garrett's ranking technique,Garrett percentage position ,No/not reported,360,Farmer/grower; Consumer; Processor/miller; Distribution/retailer/trader; Chef/brewer/home cook,"Size and shape; Starch, protein, tannins, fiber, and/or fat; Color; Sensory (aroma, taste, appearance, etc.); Milling/processing quality; Storability",No,chapaties ,"",Pearl Millet ,India,Consumer,Size and shape ,Smaller,"",Smaller grain size had a rank score of 38 and bigger grain size had a rank score of 19,Pearl Millet ,India,"Brewer, starch manufacturer",starch,high,"","",Pearl Millet ,India,Brewer,protein,less,"","",Pearl Millet ,"India
",Consumer,Storability ,high,"","","","","","","","","","","","","","","","","","","","","","","","","","","","","","","","","","","","","","","","","","","","",Value chain position,"","size, storability, and processing quality are vital pearl millet traits for consumers in India. Starch and protein content are important to brewers."
909,AbhijitBanerji 2016,"Information, branding, certification, and consumer willingness to pay for high-iron pearl millet: evidence from experimental auctions in Maharashtra, India.",Consensus,10.1016/j.foodpol.2016.06.003,"Information, branding, certification, and consumer willingness to pay for high-iron pearl millet: Evidence from experimental auctions in Maharashtra, India ",Food Policy,June 23 2016,Research article,India,2012,"Specifically, we study (1) rural consumers’ preferences for High Iron Pearl Millet (HIPM) grain and bhakri (a thick flatbread) relative to the grain and bhakri of Local Pearl Millet (LPM)","Maharashtra: Ahmednagar, Solapur, and Nashik",Pearl millet,Experimental study,Interview; Focus group; Hedonic scale; Willingness to pay,Becker-DeGroot-Marschak (BDM),"Regression Analysis, pairwise one-sided t-tests, Tukey HSD",No/not reported,452,Farmer/grower; Consumer,Size and shape; Micronutrients; Color,No,Bhakri,"",Pearl Millet,India,Consumer,Iron,High iron,3 Treatment groups with varying levels of education about the nutritional benefits of HIPM and international plant breeding organizations,"Mean willingness to pay for HIPM vs LPM is 6.5%, 32.35% and 28.63% across treatment groups.","","","","","","","","","","","","","","","","","","","","","","","","","","","","","","","","","","","","","","","","","","","","","","","","","","","","","","","","","","","","","","","",Other: Training on nutrition and organizations that developed HIPM grain,The researchers offered a certification on nutrition information & international branding to two treatment groups,"The results reveal that even in the absence of nutrition information (as with the control group), relative to the local variety, consumers assign a small but significant premium to the HIPM variety evaluated"
896,Miriti 2023,Farmers' preferences and willingness to pay for traits of sorghum varieties: informing product development and breeding programs in Tanzania.,Consensus,10.1080/15427528.2022.2079038,Farmers’ preferences and willingness to pay for traits of sorghum varieties: Informing product development and breeding programs in Tanzania,Journal of Crop Improvement,5 June 2022,Research article,Tanzania,October-December 2019,"To evaluate farmers' preferences for sorghum variety attributes, estimate willingness to pay (WTP), and identify factors governing preference heterogeneity.","Dodoma, Singida, Shinyanga, Tabora, Songwe and Mara",Sorghum,Mixed methods,Interview; Focus group; Survey/questionnaire; Choice experiment; Willingness to pay,"","random parameter logit, maximum simulated likelihood, maximum likelihood estimation",SAS,1301,Farmer/grower,Color,No,"","",Sorghum,Tanzania,Farmer,Grain Color,White color preferred over Brown/Red,"","","","","","","","","","","","","","","","","","","","","","","","","","","","","","","","","","","","","","","","","","","","","","","","","","","","","","","","","","","","","","","","","",None reported,"",Sorghum farmers in Tanzania prefer white grain
885,Drinkwater 1993,Sorting fact from opinion: the use of a direct matrix to evaluate finger millet varieties.,Consensus,"",Sorting fact from opinion: the use of a direct matrix to evaluate finger millet varieties,International Institute for Environment and Development,1993,Report,Zambia,September 1991,to conduct a direct matrix ranking exercise for the finger millet variety that the groups had been testing (Lima) compared to locals.,Mwengwe area of the Central Plateau zone of Northern Province,Finger millet,Qualitative study,Ranking,"",Based on relative ranking between varieties,No/not reported,25,Farmer/grower,"Color; Sensory (aroma, taste, appearance, etc.); Milling/processing quality; Storability",Yes,"Beer, porridge","",Finger Millet,Zambia,Farmer /grower,Color,White,"",4/10 in terms of importance,"","","","","","","","","","","","","","","","","","","","","","","","","","","","","","","","","","","","","","","","","","","","","","","","","","","","","","","","","","","","","","","",None reported,"","Farmers in Zambia considered the white variety to be the best for beer, and the reddish variety to be best for porridge. White was the preferred color and also threshed well. Taste was considered the most important grain quality trait."
881,Belay 2021,Participatory on farm evaluation of improved Sorghum varieties in North Gondar areas of Ethiopia.,Consensus,10.1080/23311932.2021.1871809,Participatory on farm evaluation of improved sorghum varieties in North Gondar areas of Ethiopia,Cogent Food & Agriculture,11 February 2021,Research article,Ethiopia,2015-2016,"identify farmer preferred plant traits, high yielding and well adaptable improved sorghum varieties through farmer's participation in decision making during the selection process.",North Gondar,Sorghum,Mixed methods,Focus group; Ranking; Participatory plant breeding; Observations,"","ANOVA, Stability analysis",SAS; Other: Genstat,48 farmers ,Farmer/grower,"Color; End-use quality (baking, malting, etc.)",Yes,"Injera, Porridge, Local beverages (Tella) ","",Sorghum,Ethiopia,Farmer/grower,grain color,White,"","","","","","","","","","","","","","","","","","","","","","","","","","","","","","","","","","","","","","","","","","","","","","","","","","","","","","","","","","","","","","","","","",None reported,"","Farmers in Ethiopia, especially women, prefer white sorghum grain"
867,Owere 2014,"Farmers' perceptions of finger millet production constraints, varietal preferences and their implications to finger millet breeding in Uganda.",Consensus,10.5539/jas.v6n12p126,"Farmers’ Perceptions of Finger Millet Production Constraints, Varietal Preferences and Their Implications to Finger Millet Breeding in Uganda ",Journal of Agricultural Science,15 November 2014,Research article,Uganda,"",Identify trait preferences of finger millet in Uganda,"Kumi, Bukedea, and Kaberamaido",Finger millet,"",Focus group; Survey/questionnaire; Ranking; Participatory plant breeding,"",descriptive statistics,SPSS,"60 survey, 149 FGD",Farmer/grower,"Size and shape; Color; Sensory (aroma, taste, appearance, etc.); Milling/processing quality; End-use quality (baking, malting, etc.)",Yes,"brew, bread","",Finger millet,Uganda,Farmer/grower,grain color,"brown, reddish- brown","","",Finger millet,Uganda,Farmer/grower,grain size,large,"","","","","","","","","","","","","","","","","","","","","","","","","","","","","","","","","","","","","","","","","","","","","","","","","","","","","","","","","","",None reported,"",Large brown/reddish finger millet grains are preferred by farmers in Uganda
850,Trouche 2006,Farmers dynamics and participatory plant breeding: the case of white grain sorghums in the northern region of Nicaragua.,Consensus,"","Dinámicas campesinas y fitomejoramiento participativo: el caso de los sorgos blancos (Sorghum bicolor, L. Moench) en la región norte de Nicaragua",Agronomía Mesoamericana,2006,Research article,Nicaragua,2002-2003,"The objective of this paper is to present a synthesis of the original results obtained during the diagnostic phase of a participatory plant breeding project in the Madriz Department of northern Nicaragua, and to examine how this specific information guided the participatory breeding activities for tortillero and millón sorghum, as well as the future dissemination of the varieties developed.","Madriz Department, North Region of Nicaragua. Villages of El Mamel, Santo Domingo, Unile y La Manzana. ",Sorghum,Mixed methods,Interview; Focus group; Participatory plant breeding,"","Newman-Keuls, Ward's",Other: MSTATC and Xlstat,62,Farmer/grower,Size and shape; Color,Yes,Tortillas for consumption,"",Sorghum,Nicaragua,Farmers,Color,"White, without stains","","",Sorghum,Nicaragua,Farmers,Size,Large size and mass,"","","",Nicaragua,"","","","","","","","","","","","","","","","","","","","","","","","","","","","","","","","","","","","","","","","","","","","","","","","","","","","","","",Location/geography,"","Farmers did not express a preference for improved photoperiod-insensitive sorghum (""Tortillero""), likely because current varieties already have acceptable grain qualities. Farmers prefer photoperiod-sensitive sorghum (""Millón"") that is white in color, without stains, large, and voluminous. "
846,Gaoh 2023,Establishing breeding priorities for developing biofortified high-yielding pearl millet (Pennisetum glaucum (L.) r. br.) varieties and hybrids in Dosso region of Niger.,Consensus,10.3390/agronomy13010166 ,Establishing Breeding Priorities for Developing Biofortified High-Yielding Pearl Millet (Pennisetum glaucum (L.) R. Br.) Varieties and Hybrids in Dosso Region of Niger,agronomy,4 January 2023,Research article,Niger,2017,"This participatory rural appraisal (PRA) study was conducted to understand whether farmers in Niger would prefer varieties with added nutritional value,
along with the gender-based trait priorities for breeding. In addition, other attributes that farmers prefer and the trade-offs between the nutritional and other important production/consumption attributes were evaluated. The study also aimed to segregate and record the trait preferences on gender basis.",Dogondoutchi ; Dosso ; Gaya ,Pearl millet,Mixed methods,Interview; Focus group; Survey/questionnaire; Participatory plant breeding,"",frequency distribution analysis,SPSS,150,Farmer/grower,Size and shape; Micronutrients; Color,Yes,porridge,"",Pearl Millet,Niger,Farmer/grower,grain size,large,more important to women,100%,Pearl Millet,Niger,Farmer/grower,grain color,"white, then red, then black","location, Dosso ranks mid, other districts do not. Women in 2 departments do not rank at all",50%,Pearl Millet ,Niger,Farmer/grower,Micronutrients,nutritional quality,"","","","","","","","","","","","","","","","","","","","","","","","","","","","","","","","","","","","","","","","","","","","","","","","","","","",Gender; Location/geography,"",Farmers in Niger prefer pearl millet that is white and women particularly prefer large grains.
845,Rao 1988,Collecting pearl millet germplasm in Tanzania.,Consensus,"",Collecting pearl millet germplasm in Tanzania,FAO/IBPGR Plant Genetic Resources Newsletter ,1989,Other: Newsletter,Tanzania,1987,Collecting pearl millet germplasm to develop cultivars adapted to the unique agroclimatic conditions of Tanzania ,Dodoma ; Singida ; Caudatum ; Durra ; Mwanza ; Kondoa ; Babati ; Magu,Sorghum; Pearl millet; Finger millet,Qualitative study,Observations; Other: Collecting germplasm,"","",No/not reported,"",Farmer/grower,Size and shape; Color; Grain morphology (e.g. pericarp thickness),Yes,"ugali, beer","","Sorghum, pearl millet",Tanzania,Farmer,Color,white,"","","Sorghum, pearl millet",Tanzania,Farmer ,endosperm texture,Corneous,"","","","","","","","","","","","","","","","","","","","","","","","","","","","","","","","","","","","","","","","","","","","","","","","","","","","","","","","","","",None reported,"",Sorghum and pearl millet farmers in Tanzania prefer white grain with corneous endosperm
840,Mukisa 2010,Obushera: descriptive sensory profiling and consumer acceptability.,Consensus,10.1111/j.1745-459X.2009.00272.x,Obushera: Descriptive Sensory Profiling and Consumer Acceptability,Journal of Sensory Studies,2010,Research article,Uganda,"",To describe the sensory characteristics of traditionally produced Obushera and their influence on consumer acceptability.,"Kampala, Kabale, Mbarara",Sorghum; Finger millet,Mixed methods,Focus group; Survey/questionnaire; Ranking; Hedonic scale; Sensory evaluation/taste testing,"","analysis of variance, Tukey test, PCA","Other: S PLUS, XLSTAT","32 FGD, 30 untrained panel, 6 trained panel",Consumer; Processor/miller; Chef/brewer/home cook,"Size and shape; Color; Sensory (aroma, taste, appearance, etc.); End-use quality (baking, malting, etc.)",Yes,Obushera,"",Finger millet,Uganda,Consumer/producer,grain color,brown,"","","Sorghum, finger millet",Uganda,Consumer/producer,grain size,large,"","","Sorghum, finger millet",Uganda,Consumer/producer,"brewing quality, sugar ",produces sugary wort,"","","","","","","","","","","","","","","","","","","","","","","","","","","","","","","","","","","","","","","","","","","","","","","","","","","",None reported,"",Obushera producers and consumers in Uganda preter sorghum and finger millet that is brown with large grains and produces sugary wort.
834,Hussen 2022,Adaptation and participatory evaluation of improved sorghum (Sorghum bicolor (L.) Moenech) varieties in southwestern Ethiopia.,Consensus,"",Adaptation and Participatory Evaluation of Improved Sorghum (Sorghum bicolor (L.) Moenech) Varieties in Southwestern Ethiopia,Russian Agricultural Sciences,October 23rd 2021 ,Research article,Ethiopia,2017-2018,"To improve the production and productivity of sorghum through selection of best adaptable, high yielding, and preferable varieties in Bench Sheko and Sheka Zones, or evaluating the performance of improved sorghum varieties under different agro-ecologies and for identifying selection and preference criteria of farmers for sorghum varieties.","Bench Shako  ; Sheka Zones (Yeki, Sheko, and Masha)",Sorghum,Mixed methods,Focus group; Ranking; Participatory plant breeding,"","PROC ANOVA, LSD, pair-wise matrix preference ranking",SAS,60,Farmer/grower,Size and shape; Color,Yes,Nefro ; Ariki ; Tella ; Injera ,"",Sorghum,Ethiopia,Farmer/grower,color,"brown for beverage, white for injera, red unappealing",highland farmers valued color as selection criteria while other locations did not,"",Sorghum,Ethiopia,Farmer/grower,size,larger,highland farmers valued size as selection criteria while other locations did not,"","","","","","","","","","","","","","","","","","","","","","","","","","","","","","","","","","","","","","","","","","","","","","","","","","","","","","","","","",Location/geography,"","Sorghum farmers in Ethiopia prefer brown and white grain over red and large seed, particularly in the highlands."
831,Rohrbach 2001,Commercialization prospects for sorghum and pearl millet in Tanzania.,Consensus,"",Commercialization Prospects for Sorghum and Pearl Millet in Tanzania,International crops research institute for the semi-arid tropics,2001,Other: Working paper,Tanzania,1999,To determine how sorghum and pearl millet are and can be incorporated better into the Tanzanian grain market.,"Dar es Salaam, Dodoma, Moshi, Arusha, and Mwanza urban areas",Sorghum; Pearl millet,Mixed methods,Interview; Survey/questionnaire; Market data analysis/hedonic pricing,"","",No/not reported,29,Processor/miller; Chef/brewer/home cook,"Color; End-use quality (baking, malting, etc.)",No,"meal, flour, opaque beer","",Sorghum and Pearl Millet,Tanzania,Miller,Color,White,"","",Sorghum and Pearl Millet,Tanzania,Miller,Size,Large,"","",Sorghum,Tanzania,Brewer,Color,"White in Dar es Salaam, Red/Brown in Mwanza",Location,"","","","","","","","","","","","","","","","","","","","","","","","","","","","","","","","","","","","","","","","","","","","","","","","","","",Location/geography,"","Millers in Tanzania prefer large, white grains for meal. Whereas Brewers prefer white or red grains depending on the region."
829,Muyolo 2002,"Agromorphological variability in pearl millet (Pennisetum glaucum) in Southern Kwilu, Democratic Republic of the Congo.",Consensus,"","Variabilité agromorphologique chez le millet (Pennisetum glaucum) dans le Sud-Kwilu, République Démocratique du Congo",Plant Genetic Resources Newsletter,2002,Research article,Democratic Republic of the Congo,1999-2000,"characterize, evaluate, and identify the most performant forms of pearl millet within the indigenous varieties found in Southern Kwilu, Democratic Republic of Congo. 
To describe and evaluate these identified forms in experimental plots to assess parameters such as shape, color, size, number of plant organs, and product acceptability ",Kilamba and Gungu in the Gungu territory and Mukoso and Maziamu in the Feshi territory,Pearl millet,Experimental study,Sensory evaluation/taste testing,"","ANOVA,Least Significant Difference ",No/not reported,10,Farmer/grower; Consumer,"Size and shape; Color; Sensory (aroma, taste, appearance, etc.)",Yes,Porridge (Bouillie),"",Pearl Millet,Democratic Republic of Congo,Consumer,Shape,Tapered cylinder,"",75.8%,Pearl Millet,Democratic Republic of Congo,Consumer,Weight,Intermediate,"",75.8%,Pearl Millet,Democratic Republic of Congo,Consumer,Color,Yellow,"",100%,"","","","","","","","","","","","","","","","","","","","","","","","","","","","","","","","","","","","","","","","","","","","","","","","","",None reported,"","Consumers in the Southern Kwilu region of the D.R. Congo find yellow, mid-weight, and tapered cylinder shaped pearl millet to be most desirable for porridge making."
828,Kondombo 2024,Assessing yield performance and stability of local sorghum genotypes: a methodological framework combining multi-environment trials and participatory multi-trait evaluation.,Consensus,10.1016/j.heliyon.2024.e25114,Assessing yield performance and stability of local sorghum genotypes: A methodological framework combining multi-environment trials and participatory multi-trait evaluation,Heliyon,7 February 2024,Research article,Burkina Faso,2019-2021,"To assess the performance and grain yield stability of local sorghum genotypes, as well as their acceptability by smallholder farmers","North-Sudanian zone, Burkina Faso",Sorghum,Qualitative study,Ranking; Hedonic scale,"","ANOVA, REML, GGE biplot, Finlay- Wilkinson's joint regression, PCA","Other: Genstat, XLSTAT",125-150,Farmer/grower,Size and shape; Hardness; Grain morphology (e.g. pericarp thickness),Yes,"","",Sorghum,Burkina Faso,Farmer,grain size,big and heavy,More important to men,"",Sorghum,Burkina Faso,Farmer,hardness,hard,"","","","","","","","","","","","","","","","","","","","","","","","","","","","","","","","","","","","","","","","","","","","","","","","","","","","","","","","","","",None reported,"",Farmers in Burkina Faso value large hard grains since they can store for longer than a year.
821,Hepworth 1992,Australian white grain sorghum as a human food.,Consensus,"",Australian White Grain Sorghum as a Human Food ,Australian Institute of Agricultural Science,"February, 1992",Conference proceedings,Australia,1990-1991,"Reports the results of a study into the marketing opportunities of white sorghum in Australia, the results of some initial research on the milling characteristics of two hybrids, discusses some perceived sorghum marketing problems and presents the characteristics of the ’ideal’ white sorghum genotype.",Australia,Sorghum,Experimental study,Other: Milling quality test ,"","",No/not reported,"",Consumer; Processor/miller,Size and shape; Color; Hardness; Grain morphology (e.g. pericarp thickness); Milling/processing quality,No,whole bread pre-mixes ; whole grain puffed ; extruded product in breakfast cereals ; snack food ,"",Sorghum,Australia,Processor/miller,Color,thin white pericarp,"","",Sorghum,Australia ,Processor/miller ,Size,Large,"","",Sorghum,Australia ,Processor/miller ,Shape,Round,"","",Sorghum,Australia,Processor/miller ,Starch,endosperm high proportion of the seed,"","",Sorghum,Australia,Processor/miller,Milling Quality,high percentage of corneous endosperm,"","",Sorghum,Australia ,Processor/miller,Processing Quality,Uniform chemical and physical properties,"","",Sorghum,Australia,Processor/miller,"Grain morphology, Hilum","Small, non-pigmented","","",Sorghum,Australia,Processor/miller,"Grain morphology, testa",absent or thin non-pigmented,"","","","","","","","","","","","","","","","",None reported,"","White grain sorghum produced to target various market opportunities should have desirable quality characteristics for the primary producer, processor and consumer."
820,Asare-Marfo 2010,Investigating farmers' choice of pearl millet varieties in India to inform targeted biofortification interventions: modalities of multi-stakeholder data collection.,Consensus,"","Investigating Farmers’ Choice of Pearl Millet Varieties in India 
to Inform Targeted Biofortification Interventions: Modalities of 
Multi-Stakeholder Data Collection","",2010,Research article,India,2007-2009,"To document/understand adoption of popular staple crop varieties and trait preferences using multiple data-collection techniques, to inform targeted breeding and dissemination of biofortified crops (incl. biofortified pearl millet).",India (Maharashtra and Rajasthan),Pearl millet,Qualitative study,Survey/questionnaire; Ranking,Computer Assisted Personal Interviews (CAPI); Pen and Paper Interviewing (PAPI); Computer Assisted Telephone Interviews (CATI); Web-based Survey,Analysis approach emphasized triangulation/cross-validation across actors and states.,No/not reported,"4,213 farmers were surveyed",Farmer/grower; Distribution/retailer/trader; Other: extension/agricultural officers and seed companies,"Color; Sensory (aroma, taste, appearance, etc.); Milling/processing quality; End-use quality (baking, malting, etc.)",Yes,Roti (bread)  ,"",Pearl millet,India,Farmer/grower,Taste,Good taste,Location/geography (state),57% of farmers cited good taste as a reason for cultivating a variety again,Pearl millet,India,Farmer/grower,Roti quality,Good roti quality,Location/geography (state),"",Pearl millet,India,Farmer/grower,"","","","",Pearl millet,India,"Farmer/grower, consumer",	Flour quality,Good flour quality,"","","","","","","","","","","","","","","","","","","","","","","","","","","","","","","","","","","","","","","","","","","","",Location/geography,"The study highlights that varietal choice patterns differ across the two states (e.g., improved/hybrid vs local varieties), motivating state-level comparison.","Pearl millet varietal choice is framed as influenced (among other factors) by consumption traits, specifically taste, grain color, and roti/bread quality. 
In preliminary farmer results, the top consumption traits reported were flour quality, taste, and grain color (noted as important in both study states)."
812,Ndjeunga 2005,Toward understanding household preference for consumption characteristics of millet varieties: a case study from western Niger.,Consensus,"",Toward understanding household preference for consumption characteristics of millet varieties: a case study from western Niger,Agricultural Economics,2005,Case study,Niger,1998,"evaluates the preferences of consumers for tuwo and couscous cooking qual-
ity characteristics in pearl millet ","Western Niger (Niamey; Villages: Berikoira, Karabedji, Gaweye, Chikal).",Pearl millet,Mixed methods,Focus group; Survey/questionnaire; Ranking; Hedonic scale; Sensory evaluation/taste testing; Choice experiment,"","random utility behavioral model, ordered probit model, categorical classification trees, chi-square",Other: S-PLUS,114,Consumer,"Color; Sensory (aroma, taste, appearance, etc.); End-use quality (baking, malting, etc.)",Yes,"Couscous, tuwo","",Pearl millet,Niger,Consumer,Color,"light, white creamed, or yellowish colors","","","","","","","","","","","","","","","","","","","","","","","","","","","","","","","","","","","","","","","","","","","","","","","","","","","","","","","","","","","","","","","","","",None reported,"","Consumers in Niger want couscous and tuwo from pearl millet to have a light, creamy color "
810,Angarawai 2016,Farmer participatory varietal selection in pearl millet: experience across some states of Northern Nigeria.,Consensus,10.5897/AJAR10.638,"Farmer participatory varietal selection in pearl millet: Experience across some states of Northern Nigeria",African Journal of Agricultural Research,21 April 2016,Research article,Nigeria,2006-2008,"select from diverse and productive pearl millet lines received from ICRISAT Niamey during the BMZ and IFAD projects, that are adapted to local conditions and accepted by farmers 
and consumers’ at large using farmers’ indigenous knowledge and breeders’ scientific approach","Trials across IFAD-CBARDP sites in Northern Nigeria including states named as Kebbi, Katsina, Zamfara, Jigawa, Yobe, Borno. 
Example village/site names mentioned: Ngetera-Gubio (Borno), Tikau (Yobe), Sabon-Gari (Jigawa), Garin-Garu (Katsina), Gusau (Zamfara), Alero (Kebbi).",Sorghum; Pearl millet,Mixed methods,Interview; Focus group; Ranking; Participatory plant breeding; Other: voting/ballot paper approach (good/alternative/rejected categories recorded as %),"Ballot paper approach with color-coded votes (good/acceptable vs alternative vs rejected) for men/women and thresholds for “selected/alternative/rejected”. 
Priority ranking matrix: pair-wise comparisons by raising hands; traits ranked 1st, 2nd, etc.",Genstat Discovery Edition (individual-location analyses; combined analyses across locations/years where consistent),Other: Genstat Discovery Edition,12 villages with ~200 families,Farmer/grower,"Size and shape; Color; Hardness; Sensory (aroma, taste, appearance, etc.); Milling/processing quality; Storability",Yes,"","",Sorghum ,Nigeria,Farmer/grower,Threshability,ranked last,village,13/13,Sorghum,Nigeria,Farmer/grower,Threshability,ranked middle,village,7/13,Pearl millet,Nigeria,Farmer/grower,grain color,White,"",6-7/13,Sorghum,Nigeria,Farmer/grower,grain color,white,"",2-3/13,Pearl millet,Nigeria,Farmer/grower,grain size,bold,"",4/13,Sorghum,Nigeria,Farmer/grower,grain size,bold,"",5-9/13,Pearl millet,Nigeria,Farmer/grower,hardness,hard,"",5/13,Sorghum,Nigeria,Farmer/grower,hardness,hard,"",6-8/13,"","","","","","","","","","","","","","",Location/geography,"","Farmers in Nigeria prefer sorghum and millet to be white, bold, and hard."
805,Abeje 2016,"Participatory evaluation of hybrid sorghum technologies: in mid and low land areas of Wag Himra zone, Eastern Amhara, Ethiopia.",Consensus,10.5897/JAERD2016-0767,"Participatory evaluation of hybrid sorghum technologies: In mid and low land areas of Wag Himra  zone, Eastern Amhara, Ethiopia",Journal of Agricultural Extension and Rural Development,May 2016,Research article,Ethiopia,2013-2014,assess farmers’ technology preference parameters and enhance demand driven technology dissemination system in sorghum producing areas of Wag Himra zone,"Sekota (Aybra) and Abergele (Marnet) distribts of Wag-Himra zone, Eastern Amhara located inside Tekezie basin growth corridor of Amhara region",Sorghum,Mixed methods,Interview; Focus group; Survey/questionnaire; Ranking; Participatory plant breeding,"","Pair-wise rankings, weighted ranking matrix table, partial budgeting, dominance analysis, marginal analysis",SPSS,30,Farmer/grower,Color; Other: Water-holding capacity,Yes,Food,"",Sorghum,Ethiopia,Farmer/grower,Color,White,Abergele does not place as much emphasis on color as Sekota,"value = 4, weight = 8% = 0.08",Sorghum,Ethiopia,Farmer/grower,Water holding capacity,High capacity,"",0.10,"","","","","","","","","","","","","","","","","","","","","","","","","","","","","","","","","","","","","","","","","","","","","","","","","","","","","","","","",Location/geography,difference in livelihood and cultural make up of communities in the two districts,"White sorghum is preferred for food and marketability, but different districts place different weight on its importance"
802,Tracyline 2021,"Farmer preference for selected finger millet (Eleusine coracana) varieties in Rift Valley, Kenya.",Consensus,10.5897/JAERD2020.1187,"Farmer preference for selected finger millet (Eleusine coracana) varieties in Rift Valley, Kenya",Journal of Agricultural Extension and Rural Development,2021,Research article,Kenya,2019,"To assess the level of awareness and farmer preference of twenty-five finger millet
varieties","Rift Valley, Agri-ecological zone III (ATC-Nakuru and Bomet)",Finger millet,Mixed methods,Focus group; Ranking; Participatory plant breeding,"",Kruskal Wallis H-test,SAS; SPSS,102,Farmer/grower,"Color; Sensory (aroma, taste, appearance, etc.)",Yes,brewing,"",Finger Millet,Kenya,Farmer,Color,"red and brown in general, white for brewing",Location,ranked 12th,Finger Millet,Kenya,Farmer,Taste,good,"",ranked 11th,"","","","","","","","","","","","","","","","","","","","","","","","","","","","","","","","","","","","","","","","","","","","","","","","","","","","","","","","",Location/geography,"",Farmers in Kenya prefer good taste over good color and red/brown are the preferred colors overall. White grain is preferred specifically for brewing.
799,Ipinge 1996,Farmer participation in on-station evaluation of plant and grain traits: the case of pearl millet in Namibia.,Consensus,"",Farmer Participation in On-Station Evaluation of Plant and Grain Traits: the Case of Pearl Millet in Namibia ,ICRISAT,July 1994,Conference proceedings,Namibia,1993-1994,To determine the preferences between different pearl millet varieties among female Namibian farmers.,"",Pearl millet,Qualitative study,Interview; Ranking; Sensory evaluation/taste testing; Observations; Cooking quality test,"","",No/not reported,"",Farmer/grower,"Size and shape; Color; Sensory (aroma, taste, appearance, etc.); Milling/processing quality; End-use quality (baking, malting, etc.)",Yes,porridge,"",Pearl millet,Namibia,Farmer,Grain color,Cream or light gray,"","",Pearl millet,Namibia,Farmer,Grain size,Large,"","","","","","","","","","","","","","","","","","","","","","","","","","","","","","","","","","","","","","","","","","","","","","","","","","","","","","","","","","",None reported,"",Women farmers in Namibia prefer cream/light grey and large pearl millet grains.
791,Teshome 2018,"Farmers' synergistic selection criteria and practices for livelihood security through the sustainable uses of onfarm sorghum landrace diversity, Ethiopia.",Consensus,10.5897/AJAR2018.13278,"Farmers’ synergistic selection criteria and practices for livelihood security through the sustainable uses of on-farm Sorghum landrace diversity, Ethiopia",African Journal of Agricultural Research, 16 August 2018,Research article,Ethiopia,2011-2012,examines the differences and magnitudes of relatedness among the selection criteria that farmers use to generate and maintain the sorghum landrace diversity that produces livelihood and environmental benefits. ,north Shewa and south Wollo ,Sorghum,Qualitative study,Interview; Survey/questionnaire,"","correlation, t-Tests, and linear regression analysis",Excel,300,Farmer/grower,"Digestibility; Milling/processing quality; End-use quality (baking, malting, etc.)",No,Beverages,"",Sorghum,Ethiopia,Farmers,"phenolic compounds, tannins","none for home consumption, some for brewing","","",Sorghum,Ethiopia,Farmers,digestibility,digestible and absorbable ,"","","","","","","","","","","","","","","","","","","","","","","","","","","","","","","","","","","","","","","","","","","","","","","","","","","","","","","","","","",None reported,"",Sorghum farmers in Ethiopia select varieties without tannins for consumption with high digestibility. Varieties with tannins are preferred for brewing.
785,Birol 2015,Investigating demand for biofortified seeds in developing countries: high-iron pearl millet in India.,Consensus,10.1108/JADEE-02-2014-0008,Investigating demand for biofortified seeds in developing countries: High-iron pearl millet in India,Journal of Agribusiness in Developing and Emerging Economies,2015,Research article,India,2010,"To investigate farmer acceptance and demand for a hypothetical high-iron (biofortified) pearl millet variety prior to commercialization, and to assess trade-offs between nutritional, consumption, production, and price attributes of pearl millet seed","Maharashtra, India",Pearl millet,Experimental study,Choice experiment,Likert-scale,"Latent Class Model, t-test",No/not reported,630,Farmer/grower; Consumer,Micronutrients; Color,No,Roti,"",Pearl Millet,India,"Farmer/grower, consumer",Roti Color,Light-colored roti,"household size, farm size, diet",coefficients for light-colored roti vs. medium colored roti: 0.759 vs. 0.684; 0.0306 vs. -0.095; 0.551 vs. 0.509,Pearl Millet,India,"Farmer/grower, consumer",Iron,High Iron,"household size, farm size, diet","coefficients for added nutrition: 2.985, 0.358. 0.762","","","","","","","","","","","","","","","","","","","","","","","","","","","","","","","","","","","","","","","","","","","","","","","","","","","","","","","","",Household size; Farm size; Other: diet,"","There is strong and heterogeneous farmer demand for high-iron pearl millet.
Grain quality traits related to end use (roti color) significantly influence preferences alongside nutrition.
Households producing mainly for home consumption value iron content and lighter roti color most.
Market-oriented producers place less value on consumption traits and may prefer darker grain linked to feed markets.
Successful dissemination of biofortified pearl millet requires multiple varieties tailored to different preference segments"
774,Isaacs 2023,Participatory evaluation of sorghum processing and sensory attributes in Mali: methodology for improving food security outcomes from variety development efforts.,Consensus,https://doi.org/10.3390/su15054312,Participatory Evaluation of Sorghum Processing and Sensory Attributes in Mali: Methodology for Improving Food Security Outcomes from Variety Development Efforts,Sustainability,28 February 2023,Research article,Mali,2006,to determine what grain quality traits make for acceptable sorghum varieties to be used in Malian cooking.,Mande’ and Dioila zones in Mali,Sorghum,Mixed methods,Ranking; Sensory evaluation/taste testing; Observations; Cooking quality test,"","",R; SPSS,"255 farmers, 101 women, 124 men",Farmer/grower; Processor/miller,"Color; Hardness; Grain morphology (e.g. pericarp thickness); Sensory (aroma, taste, appearance, etc.); Milling/processing quality; End-use quality (baking, malting, etc.)",Yes,"porridge, paste, beverages, to","",Sorghum,Mali,Farmer/processor,Color,"Cream, No red and brown spots","",0.83 preference score,Sorghum,Mali,Farmer/processor,Morphology,No glumes,"","",Sorghum,Mali,Farmer/processor,Hardness,Hard,"","","","","","","","","","","","","","","","","","","","","","","","","","","","","","","","","","","","","","","","","","","","","","","","","","","",None reported,"",Farmers in Mali value hard grains for their ease of processing and decorticating in home cooking. They also preferred white/cream grains without spots or glumes.
773,Kakuru 2021,Consumer preferences for the quality characteristics of sorghum grain in eastern Uganda: a choice experiment approach.,Consensus,https://dx.doi.org/10.4314/acsj.v29i4.6,CONSUMER PREFERENCES FOR THE QUALITY CHARACTERISTICS OF SORGHUM GRAIN IN EASTERN UGANDA: A CHOICE EXPERIMENT APPROACH,African Crop Science Journal,16 November 2021,Research article,Uganda,"",To determine what preferences consumers in eastern Uganda have for sorghum grain used to make a traditional paste.,"Soroti, Kumi, and Bukedea districts of Eastern Uganda",Sorghum,Qualitative study,Interview; Survey/questionnaire; Choice experiment; Willingness to pay,"",Mixed Logit,"Other: Nlogit Software, NGENE 4 software",120,Consumer; Chef/brewer/home cook,"Size and shape; Color; Sensory (aroma, taste, appearance, etc.)",No,paste,"",Sorghum,Uganda,Consumer,Taste,Sweet,"","",Sorghum,Uganda,Consumer,Aroma,good,"","",Sorghum,Uganda,Consumer,Grain size,Large,"","",Sorghum,Uganda,Consumer,Texture,elastic,"","","","","","","","","","","","","","","","","","","","","","","","","","","","","","","","","","","","","","","","","","","","",None reported,"","Consumers in Eastern Uganda preferred sorghum with sweet taste, good smell, and large size for a local paste. There was no preference for color."
772,Asungre 2021,"Assessing production constraints, management and use of pearl millet in the guinea savanna agro-ecology of Ghana.",Consensus,10.5897/AJPS2021.2183,"Assessing production constraints, management and use of pearl millet in the Guinea Savanna Agro-ecology of Ghana",African Journal of Plant Science,November 2021,Research article,Ghana,"","assess production constraints, farmers’ preferences and choices of varieties among pearl millet cultivating farmers using participatory rural appraisal (PRA) in the guinea savanna agro-ecological zone of Ghana","Garu, Telansi, Builsa North, Jirapa, Laura, Sisala East, Sawla-Tuna-Kalba, Chereponi, Bunkpurugu",Pearl millet,Mixed methods,Interview; Focus group; Survey/questionnaire,"",Statistical inferences,SPSS,295,Farmer/grower,Size and shape; Micronutrients; Color,No,"","",Pearl Millet,Ghana,farmer/grower,Color,ivory,Location/geography (region) Northern upper West,15/15 respondents,Pearl Millet,Ghana,farmer/grower,Color,gray,Location/geography (region) upper East,8/9 respondents,"","","","","","","","","","","","","","","","","","","","","","","","","","","","","","","","","","","","","","","","","","","","","","","","","","","","","","","","",Location/geography,"","In Ghana, farmers prefer ivory grain in northern and upper west regions, and gray in upper east."
771,Mangombe 1996,Sorghum and pearl millet on-farm research work in Zimbabwe.,Consensus,"",Sorghum and Pearl Millet On-Farm Research Work in Zimbabwe,ICRISAT,1996,Conference proceedings,Zimbabwe,1992-1993,"Verify the performance of elite lines, and to promote released varieties in the communal areas where farmers still plant traditional landrace varieties.","Matebeleland North, Matebeleland South, Mashonaland East, Masvingo, Mashonaland Central, Manicaland",Sorghum; Pearl millet,Mixed methods,Interview; Participatory plant breeding,"",Stability analysis,No/not reported,44,Farmer/grower,Size and shape; Color,Yes,"food, beer","",Sorghum,Zimbabwe,Farmer,grain color,white,"","",Sorghum,Zimbabwe,Farmer,grain size,bold,"","","","","","","","","","","","","","","","","","","","","","","","","","","","","","","","","","","","","","","","","","","","","","","","","","","","","","","","","","",None reported,"",Sorghum farmers in Zimbabwe prefer bold white grains.
765,Chintu 1996,"On-farm evaluation of pearl millet varieties in Malawi for farmer preferences, grain yield, and food quality traits.",Consensus,"","On-Farm Evaluation of Pearl Millet Varieties in Malawi for Farmer Preferences, Grain Yield, and Food Quality Traits ",ICRISAT,1996,Conference proceedings,Malawi,1993/94 season,"evaluate the performance of the new varieties under farmers' and improved managements, and (b) to assess farmers' acceptance of the varieties and determine the reasons for acceptance or nonacceptance",Shire Valley,Pearl millet,Mixed methods,Interview; Ranking; Participatory plant breeding; Sensory evaluation/taste testing; Cooking quality test,"",Multi locational analysis,SAS,"66 farmers' fields for trials, 164 farmers evaluated plant and grain traits, 73 farmers evaluated food taste (20 at Mitole, 19 at Mpasa, 34 at Nyachilenda), 18 women farmers prepared food (7 at Mitole, 6 at Mpasa, 5 at Nyachilenda).",Farmer/grower; Consumer,"Size and shape; Color; Sensory (aroma, taste, appearance, etc.); Milling/processing quality; End-use quality (baking, malting, etc.)",Yes,"Thick porridge (Food), Flour","",Pearl Millet,Malawi,Farmer,grain mass,larger,"","","","","","","","","","","","","","","","","","","","","","","","","","","","","","","","","","","","","","","","","","","","","","","","","","","","","","","","","","","","","","","","","",Location/geography,"",Malawi farmers prefer pearl millet grain that is larger than their local variety and tastes batter.
763,Holtland 1996,Farmers' priorities for new sorghum and pearl millet varieties based on on-farm trials in semi-arid Tanzania.,Consensus,"",Farmers' Priorities for New Sorghum and Pearl Millet Varieties based on On-Farm Trials in Semi-Arid Tanzania,ICRISAT,1996,Conference proceedings,Tanzania,1993-1994,To evaluate Tanzanian farmer preferences in newly released sorghum and pearl millet varieties,"Ugogo, Tanzania",Sorghum; Pearl millet,"",Ranking; Sensory evaluation/taste testing,"","",No/not reported,"",Farmer/grower; Consumer; Processor/miller,"Size and shape; Color; Grain morphology (e.g. pericarp thickness); Sensory (aroma, taste, appearance, etc.); Milling/processing quality; End-use quality (baking, malting, etc.)",Yes,"food, beer","",Sorghum,Tanzania,"Farmer, consumer","Taste, color","White, good","","",Sorghum,Tanzania,"Farmer, processor",processing,easy dehulling,"","",Pearl Millet,Tanzania,Farmer,size,large,"","",Pearl Millet,Tanzania,"Farmer, processor",processing,easy dehulling,"","","","","","","","","","","","","","","","","","","","","","","","","","","","","","","","","","","","","","","","","","","","",Gender,Women are involved in dehulling more so they placed more importance on ease of pounding or dehulling sorghum or pearl millet grains.,"Tanzania farmers and processors prefer sorghum and pearl millet that is easy to dehull, tastes good, and is large."
751,Begna 2020,participatory variety selection of improved highland sorghum on the basis of farmers preference traits in eastern part of Ethiopia.,Consensus,"",Participatory Variety Selection of Improved Highland Sorghum on the Basis of Farmers Preference Traits in Eastern Part of Ethiopia,International Journal of Agriculture and Biosciences,"December 18, 2020",Research article,Ethiopia,2019,evaluate the performance of improved sorghum varieties and to identify farmers’ preference traits through continuous performance evaluation at different stages of the crop.,"West Hararghe zone, Chiro District",Sorghum,Experimental study,Ranking; Participatory plant breeding,"","PROC ANOVA, LSD, pairwise comparison matrix",SAS,450,Farmer/grower,Size and shape; Color,Yes,"","",Sorghum,Ethiopia,Farmer/grower,grain size,bold/large,"",Performance rating of 5 for brown varieties vs. 4 for 4 for white varieties and 3 for red varieties ,Sorghum,Ethiopia,Farmer/grower,grain color,white then brown,"","Performance rating of 5 for the largest grain variety vs. 4 for the next 2 largest varieties, and 2 or 3 for the smallest 3 varieties","","","","","","","","","","","","","","","","","","","","","","","","","","","","","","","","","","","","","","","","","","","","","","","","","","","","","","","","",None reported,"","Accordingly, the preferred improved sorghum variety should have high grain yield, bold grain size, brown and white grain color and better resistance to common leaf and panicle diseases. Farmers gave the highest weight to grain yield followed by grain size and color"
748,Nkongolo 2008,Participatory variety selection and characterization of Sorghum (Sorghum bicolor(L.) Moench) elite accessions from Malawian gene pool using farmer and breeder knowledge.,Consensus,"","Participatory variety selection and characterization of Sorghum (Sorghum
bicolor (L.) Moench) elite accessions from Malawian gene pool using farmer and
breeder knowledge",African Journal of Agricultural Research,April 2008 ,Research article,Malawi,1998-2000,to select diverse and productive sorghum lines adapted to local conditions and accepted by farmers and consumers’ at large using farmers’ indigenous knowledge and breeders’ scientific approach.,"Salima, Machinga, Karonga, Shire Valley",Sorghum,"",Focus group; Ranking; Participatory plant breeding; Sensory evaluation/taste testing,"",ANOVA,No/not reported,"Focus Group Phase: 44 farmers 
Research Station 80 
Community/On-farm Trial Phase: 90 ",Farmer/grower,"Size and shape; Starch, protein, tannins, fiber, and/or fat; Color; Hardness; Sensory (aroma, taste, appearance, etc.); Milling/processing quality; End-use quality (baking, malting, etc.)",Yes,"Food (Nsima)
Brewing Beer
Porridge
Snacks","",Sorghum,Malawi,Farmer/grower,Color	,White	,"","",Sorghum,Malawi,Farmer/grower,Taste	,Pleasant taste preferred	,"","",Sorghum,Malawi,Farmer/grower,Hardness,Hard,"","",Sorghum,Malawi,Farmer/grower,Milling/Processing Quality	,Ease of polishing preferred,"","",Sorghum,Malawi,Farmer/grower,protein,higher than 10%,"","",Sorghum	,Malawi,Farmer/Grower	,flour quality,fine texture,"","","","","","","","","","","","","","","","","","","","","","","","","","","","","","",Gender,"women having more knowledge of cooking, food processing, preservation and storage, while men were more knowledgeable about land preparation and pest control. During variety selection, notes that ""women put more emphasis than men on poundability and cooking time (reflecting women's role as grain processors and cooks)."" ","The participatory variety selection process identified elite sorghum accessions with significantly higher protein content (>10%), improved protein digestibility, and superior sensory and processing qualities such as pleasant taste and ease of polishing, compared to the previously released Pilira variety."
747,Karthikeyan 2016,Enhancing the resilience of livelihoods of small millet farmers through participatory varietal selection in India.,Consensus,"","Enhancing the Resilience of Livelihoods of Small Millet Farmers through Participatory 
Varietal Selection in India ","","",Research article,India,2011-2012,"To enhance  the production and consumption of  small millets, by using gender sensitive participatory approaches to address constraints  related to the production, distribution and consumption.","Semiligua (Odisha), Bero (Jhakhand), Jawadhu Hills, Anchetty (Tamil Nadu)and Peraiyur. ",Finger millet; Little millet; Kodo millet; Barnyard millet,Mixed methods,Ranking; Participatory plant breeding,Baby trials. ,Weighted scores for farmer preferences,No/not reported,911,Farmer/grower,"Size and shape; Color; Hardness; Sensory (aroma, taste, appearance, etc.); Milling/processing quality; Storability",Yes,"","","finger millet, little millet, barnyard millet, kodo millet",India,Farmer/grower,grain size,"bold, large",Gender,"","finger millet, little millet, barnyard millet, kodo millet",India,Farmer/grower,taste,good,Gender,"","finger millet, little millet, barnyard millet, kodo millet",India,Farmer/grower,Storability,good,Gender,"","finger millet, little millet",India,Farmer/grower,grain shatter,low,"","","","","","","","","","","","","","","","","","","","","","","","","","","","","","","","","","","","","","","","","","","","",Gender,"Women farmers, in particular, were more concerned with grain quality traits, 
such as colour, taste, grain hardiness and keeping quality. ","""Women farmers, in particular, were more concerned with grain quality traits, 
such as colour, taste, grain hardiness and keeping quality."""
745,Durgad 2021,Consumer preference for foxtail and little millets in North Eastern Region of Karnataka.,Consensus,10.46852/0424-2513.1.2021.13,Consumer Preference for Foxtail and Little Millets in North Eastern Region of Karnataka,Economic Affairs,March 2021,Research article,India,"",To determine the importance of different factors in why urban and rural consumers purchase millet.,"Ballari, Koppal and Raichur districts and cities",Foxtail millet; Little millet,Qualitative study,Survey/questionnaire; Willingness to pay,Conjoint Analysis,"descriptive statistics, logistic regression",Other: GRETL,60,Consumer,"Size and shape; Micronutrients; Color; Sensory (aroma, taste, appearance, etc.)",No,"Millet Rice items, Malt, Upma, Idli/dosa, Sweets, Snacks, and Baked goods","",Foxtail and little millet,India,Consumer,Colour,Yellow over white,"","",Foxtail and little millet,India,Consumer,Taste,pungency over sweet ,"","",Foxtail and little millet,India,Consumer,Aroma,unscented,"","",Foxtail and little millet,India,Consumer,Nutritional Quality,improved,"region, rural place more importance on nutrition","",Foxtail and little millet,India,Consumer,grain size,Bold/large,"region, Urban place more importance on size","","","","","","","","","","","","","","","","","","","","","","","","","","","","","","","","","","","","",Location/geography; Other: Urban/rural,People buying millet in rural areas often do so for health reasons but urban areas have other alternative options available leading to the difference in relative importance of nutritional quality between urban and rural groups.,"Consumers in India prefer foxtail and little Millet that are yellow, bold, unscented , and have improved nutritional quality."
732,Magaisa 2022,Participatory variety selection and stability of agronomic performance of advanced sorghum lines in Zimbabwe.,Consensus,10.1080/15427528.2021.1974635,Participatory variety selection and stability of agronomic performance of advanced sorghum lines in Zimbabwe,Journal of Crop Improvement,3 September 2021,Research article,Zimbabwe,2018-2019,"To identify advanced ICRISAT-bred, high- 
yielding, stable sorghum lines, possessing farmer-preferred desirable agronomic attributes",Chiredzi ; Gwanda ; Matobo ; Mwenezi NRIV ; Mwenezi NRV,Sorghum,Mixed methods,Focus group; Survey/questionnaire; Ranking; Hedonic scale; Participatory plant breeding,pairwise ranking matrix ,"ANOVA, GGE biplot, regression model",R; SPSS; Other: GenStat,"10O FGD, 82 PVS",Farmer/grower,Color,Yes,brew,"",Sorghum,Zimbabwe,Farmers/growers,grain color,White,"","","","","","","","","","","","","","","","","","","","","","","","","","","","","","","","","","","","","","","","","","","","","","","","","","","","","","","","","","","","","","","","","",None reported,"",Farmers in Zimbabwe preter white sorghum grain over red. 
724,Diatta 2024,"Farmers' production constraints, preferred varietal traits and perceptions on sorghum grain mold in Senegal.",Consensus,10.1016/j.heliyon.2024.e30221,"Farmers’ production constraints, preferred varietal traits and perceptions on sorghum grain mold in Senegal ",Heliyon,26 April 2024,Research article,Senegal,"",identifying (i) the main sorghum production constraints and (ii) the farmers’ trait preferences for the adoption of new sorghum varieties. It also sought to understand (iii) the farmers’ perception on sorghum grain mold in the main sorghum production areas of Senegal.,"Bagadadji, Malicounda, Missirah and Sagna",Sorghum,Qualitative study,Interview; Focus group; Survey/questionnaire,"","Descriptive statistics, t-test and chi-square tests",SPSS,440,Farmer/grower,Size and shape; Color,No,Cooking,"",Sorghum,Senegal,Farmer/grower,grain color,white,"",98.8%,Sorghum,Senegal,Farmer/grower,grain size,large,"",50.8%,"","","","","","","","","","","","","","","","","","","","","","","","","","","","","","","","","","","","","","","","","","","","","","","","","","","","","","","","",None reported,"",Farmers in Senegal prefer large white sorghum grain.
701,Keregero 1994,Acceptability of wheat-sorghum composite flour products: An assessment,Consensus,"",Acceptability of wheat-sorghum composite flour products: An assessment ,Plant Foods for Human Nutrition ,1 May 1993,Research article,Tanzania,"","Examines the acceptability of new sorghum products, and discusses the importance and potential of these products as human food in Tanzania including a proposal for improving sorghum utilization.",Morogoro,Sorghum,Experimental study,Sensory evaluation/taste testing,"","",No/not reported,30,Consumer,Color,Yes,Bread,"",Sorghum,Tanzania,Consumer,Grain color,White,"","","","","","","","","","","","","","","","","","","","","","","","","","","","","","","","","","","","","","","","","","","","","","","","","","","","","","","","","","","","","","","","","",None reported,"",white sorghum is preferred for bread ; consumers have no significant preference for sorghum color in buns 
658,VanOosterom 1996,"Integrating genotype by environment interaction analysis, characterization of drought patterns, and farmer preferences to identify adaptive plant traits for pearl millet",Consensus,"","Integrating Genotype by Environment Interaction Analysis, Characterization of Drought Patterns, and Farmer Preferences to Identify Adaptive Plant Traits for Pearl Millet",Plant Adaption and Crop Improvement ,1996,Research article,India,1990-1994,"To identify plant traits for pearl millet that enhance  adaptation to the harsh environments of Rajasthan (India), by combining analyses of drought patterns, genotype by environment (GxE) interactions, and farmers' preferences for plant traits.","Ajmer, Jodhpur, and Bikaner districts of Rajasthan",Pearl millet,Mixed methods,Survey/questionnaire; Participatory plant breeding,"",Additive Main Effects and Multiplicative Interaction analysis ,No/not reported,88,Farmer/grower,Size and shape,No,"","",Pearl millet,India,Farmers/growers,Grain size,"large in Ajmer, smaller in Bikaner","","Ajmer 45%, Jodhpur 38%, Bikaner 26%","","","","","","","","","","","","","","","","","","","","","","","","","","","","","","","","","","","","","","","","","","","","","","","","","","","","","","","","","","","","","","","",Location/geography,Rainfall pattern differences (drought and monsoons),large grain size is not a priority for farmers in Rajasthan 
645,Abegaz 2024,"Local sorghum (Sorghum bicolor (L.) Moench) on-farm genetic diversity status and possible determinants from Wollo lowland areas, northeastern Ethiopia",Consensus,10.1002/agg2.20518,"Local sorghum (Sorghum bicolor (L.) Moench) on-farm genetic diversity status and possible determinants from Wollo lowland areas, northeastern Ethiopia","Agrosystems, Geosciences & Environement",12 April 2024,Research article,Ethiopia,2019-2022,"evaluate the local genetic diversity status of sorghum on farm and the possible determinants of low land areas of Wollo, northeastern Ethiopia",highlands and midlands of Wollo,Sorghum,Qualitative study,Interview; Focus group; Survey/questionnaire; Ranking; Observations,"","descriptive statistics, narratives, rank-based quotient, logistic regression",SPSS,400 households,Farmer/grower,"Size and shape; Color; Sensory (aroma, taste, appearance, etc.); End-use quality (baking, malting, etc.)",Yes,"beverage, pasta, porridge","",Sorghum,Ethiopia,Farmer/grower,grain size,large,"","",Sorghum,Ethiopia,Farmer/grower,Blending for cooking,fluency,"",RBQ=16.6,"","","","","","","","","","","","","","","","","","","","","","","","","","","","","","","","","","","","","","","","","","","","","","","","","","","","","","","","",Location/geography,"",Farmers in Ethiopia prefer large sorghum grain and fluency of blending when cooking.
641,Cayres 2020,Consumers' acceptance of optimized gluten-free sorghum-based cakes and their drivers of liking and disliking,Consensus,10.1016/j.jcs.2020.102938 ,Consumers’ acceptance of optimized gluten-free sorghum-based cakes and their drivers of liking and disliking ,Journal of Cereal Science,28 Feb 2020,Research article,Brazil,"","Assess consumer acceptance of optimized gluten-free sorghum-based cakes, identify drivers of liking/disliking, and measure purchase intention.","Laboratory of Sensory Evaluation and Consumer Studies (LASEC), School of Chemistry, Federal University of Rio de Janeiro (UFRJ), Rio de Janeiro, Brazil.",Sorghum,Experimental study,Hedonic scale; Sensory evaluation/taste testing; Willingness to pay; Other: Check-all-that-apply (CATA),"9-point structured hedonic scale (overall impression, appearance, aroma, flavor, texture) 
5-point purchase intention scale 
CATA list (36 attributes) 
Penalty analysis to link attributes to liking/disliking","ANOVA, Cluster Analysis, Student's t-tests, Chi-squared tests, Cochrans Q Test, McNemar Tests","Other: XLSTAT, Statistica",151,Consumer,"Color; Sensory (aroma, taste, appearance, etc.); End-use quality (baking, malting, etc.)",No,Gluten-free sorghum-based cakes / cake premixes (chocolate and orange flavored).,"",Sorghum,Brazil,Consumers,Color,Not Brown,"",Effect on acceptance value of -0.5,"","","","","","","","","","","","","","","","","","","","","","","","","","","","","","","","","","","","","","","","","","","","","","","","","","","","","","","","","","","","","","","",None reported,"","This study showed that there was an improvement in the sensory properties of the GF samples in which the nutritional or functional characteristics were optimized together with the technological charac­teristics, resulting in higher acceptances. This result emphasizes the 
importance of the technological optimization of the formulation of sorghum-based cake premixes."
567,Wendmu 2022,"Cultural Effects on Sorghum Varieties Grown, Traits Preferred, and Seed Management Practices in Northern Ethiopia",Consensus,10.1007/s12231-022-09555-6,"Cultural Effects on Sorghum Varieties Grown, Traits Preferred, and Seed Management Practices in Northern Ethiopia",Economic Botany,7 September 2022,Research article,Ethiopia,2019-2020,"sorghum diversity in the 
Tigray region of northern Ethiopia. We address the 
following research questions: Is there a difference in sorghum variety use between the two ethnolinguistic groups and can such a difference eventually be explained by sociocultural differences in variety trait preferences and/or seed management prac-
tices? ","Tigray region of northern 
Ethiopia: Asgede Tsimbila and Tahtay Adiyabo",Sorghum,Qualitative study,Interview; Survey/questionnaire; Ranking; Hedonic scale,"","Descriptive statistics, ANOVA, Simpson's Diversity Index, multinomial logistic regression",SPSS,300,Farmer/grower,"Size and shape; End-use quality (baking, malting, etc.)",Yes,Injera,"",Sorghum,Ethiopia,Farmer,grain size,big,"","","","","","","","","","","","","","","","","","","","","","","","","","","","","","","","","","","","","","","","","","","","","","","","","","","","","","","","","","","","","","","","","",None reported,"",Farmers in Ethiopia prefer Sorghum with large grain.
510,Brocke 2014,HELPING FARMERS ADAPT TO CLIMATE AND CROPPING SYSTEM CHANGE THROUGH INCREASED ACCESS TO SORGHUM GENETIC RESOURCES ADAPTED TO PREVALENT SORGHUM CROPPING SYSTEMS IN BURKINA FASO,Consensus,10.1017/S0014479713000616 ,Helping farmers adapt to climate and cropping system change through increased access to sorghum genetic resources adapted to prevalent sorghum cropping systems in Burkina Faso ,Experimental Agriculture,"November 15, 2013",Research article,Burkina Faso,2002-2007,To show how giving farmers access to ex-situ sorghum diversity (gene bank accessions) plus improved varieties and enabling participatory on-farm testing can identify and disseminate varieties suited to changing climate/cropping systems; farmer choices included processing and consumption grain qualities alongside adaptation traits,"Sanaba (Banwa province), Lekuy (Kossi province), Barakuy (Kossi province)",Sorghum,Mixed methods,Focus group; Ranking; Participatory plant breeding,"","Farmer preference data: vote frequencies; counts of trait mentions (% of appreciations); ANOVA to test effects (village, year, gender, variety groups).
Agronomic/statistical: ANOVA for trials; stability analysis (Finlay–Wilkinson model).",SAS; Other: GENSTAT,108,Farmer/grower,"Color; Hardness; Milling/processing quality; End-use quality (baking, malting, etc.)",Yes,Tô/Dolo ,"",Sorghum,Burkina Faso,Farmer/grower,End use quality,Adapted for Tô/Dolo production,"",66% of farmers mentioned this trait in variety acceptance criteria,Sorghum,Burkina Faso,Farmer/grower,Milling/processing quality (flour),High amount and quality of flour produced,Gender,"",Sorghum,Burkina Faso,Farmer/grower,Hardness / grain texture,Women disliked lack of vitreousness in very large white grains,Gender,"",Sorghum,Burkina Faso,Farmer/grower,Hardness/size,"small, hard grains",rice replacement on special occasions; mostly preferred by women ,"","","","","","","","","","","","","","","","","","","","","","","","","","","","","","","","","","","","","","","","","","","",Gender,"","In explaining their reasons for selecting a certain entry, farmers used two to seven criteria and/or plant traits. The most popular criteria were grain and flour yield
components, and usage-oriented traits, such as food quality, fodder quality, usefulness of stalks for construction."
495,Kudadjie 2004,"Assessing production constraints, management and use of sorghum diversity in north-east Ghana: a diagnostic study",Consensus,10.1016/S1573-5214(04)80022-8,"Assessing production constraints, management and use of sorghum diversity in north-east Ghana: a diagnostic study",NJAS:  Wageningen Journal of Life Sciences,2004,Research article,Ghana,"",importance of sorghum vs. other crops ; outlines the importance of crop diversity ; assesses crop production constraints ; analysis of the knowledge/practice of farmers ,"Walewale District in the Northern Region
and the Bawku East and West districts in the Upper East Region of Ghana.",Sorghum,Qualitative study,Interview; Focus group; Ranking; Observations,PRA (participatory rural appraisal) tools ; pair-wise ranking ; problem period ,rank correlation test ,No/not reported,16-20 (8-10 per village) ,Other: Extension agents ,"Sensory (aroma, taste, appearance, etc.); Storability",Yes,"beverage ; food ; religion ; special foods
","",Sorghum,Ghana,Farmer/grower,Storability ,"long storage time are preferred 
","","",Sorghum,Ghana,Farmer/grower,taste,good taste,"","","","","","","","","","","","","","","","","","","","","","","","","","","","","","","","","","","","","","","","","","","","","","","","","","","","","","","","","","",None reported,"",taste and storability are key factors when farmers in Ghana are selecting landraces to grow 
482,Atanasova 2025,"Availability, Affordability, Awareness, Preferences and Nutritional Impact of Biofortified Crops in Nigeria",Consensus,10.3390/nu17061036,"Availability, Affordability, Awareness, Preferences and Nutritional Impact of Biofortified Crops in Nigeria",nutrients,March 15 2025,Research article,Nigeria,2023,"data collection and
food basket simulations in three states in Nigeria (Enugu, Kaduna and Ogun).  the availability
and affordability and consumers’ and sellers’ preferences and perceptions of biofortifiedfoods.","Kaduna, Ogun and Enugu",Pearl millet,Qualitative study,Interview; Survey/questionnaire; Other: Food basket simulation,"",narrative synthesis,Stata; Excel,"",Consumer; Distribution/retailer/trader,Micronutrients,No,"","",Pearl Millet,Nigeria,Consumers,high iron,non-biofortified,"","0% prefer biofortified, 37.5% have no preference, 62.5% prefer non-biofortified pearl millet.","","","","","","","","","","","","","","","","","","","","","","","","","","","","","","","","","","","","","","","","","","","","","","","","","","","","","","","","","","","","","","","",None reported,"","With regard to consumer awareness and preferences, we found that more than 30% of the consumers could visually differentiate biofortified from non-biofortified crops, 14% were aware that the crops were biofortified and less than 10% preferred biofortified options."
474,vomBrocke 2008,Development and improvement of broad based sorghum populations with farmers in Burkina Faso,Consensus,"",Création et amélioration de populations de sorgho à base large avec les agriculteurs au Burkina Faso,Cahiers Agricultures,March 2008,Research article,Burkina Faso,2001-2005,To develop sorghum varieties that match farmer preferences in all stages.,Saria Research Station; Centre-Ouest Region (Pouni and Velia villages); Boucle du Mouhoun Region; Centre-Nord Region,Sorghum,Experimental study,Participatory plant breeding,participatory recurrent selection,"",No/not reported,22,Farmer/grower,Size and shape; Color; Hardness; Grain morphology (e.g. pericarp thickness),Yes,flour,"",Sorghum,Burkina Faso,Farmer,Hardness,Hard,"","",Sorghum,Burkina Faso,Farmer,Color,"White for flour, red for dolo (beer)","",64.7 and 56.6% for white at two different sites. 1.5 and 0.4% for red although it is the stated preference for beer.,Sorghum,Burkina Faso,Farmer,Morphology,Little bran,"","",Sorghum,Burkina Faso,Farmer,Size,Large,"","","","","","","","","","","","","","","","","","","","","","","","","","","","","","","","","","","","","","","","","","","","",None reported,"","Farmers in Burkina Faso prefer large, hard grains with small bran layers for sorghum. White is preferred particularly for flour but red is preferred for beer."
454,Gebretsadik 2014,A diagnostic appraisal of the sorghum farming system and breeding priorities in Striga infested agro-ecologies of Ethiopia,Consensus,10.1016/j.agsy.2013.08.008,"A diagnostic appraisal of the sorghum farming system and breeding
priorities in Striga infested agro-ecologies of Ethiopia",Agricultural Systems ,October 4th 2013,Research article,Ethiopia,2010-2011,"to determine farmers’ sorghum production opportunities, threats, indigenous knowledge and perceptions, emphasising breeding priorities and Striga infestation, and the coping mechanisms of farmers in the north eastern and north western Ethiopia.",North Shewa and North Wello Zones of the Amhara Regional State ; Metekel zone of Benshangul-Gumez Regional State ,Sorghum; Finger millet; Teff,Qualitative study,Interview; Focus group; Survey/questionnaire; Ranking; Observations,pair-wise ranking ,"descriptive statistics, cross-tabulations, non-parametric Kruskal–Wallis tests ",SPSS,315,Farmer/grower,"End-use quality (baking, malting, etc.)",Yes,cooking ,"",Sorghum,Ethiopia ,Farmer/growers,"End-use quality (baking, malting, etc.)",better food quality,"","","","","","","","","","","","","","","","","","","","","","","","","","","","","","","","","","","","","","","","","","","","","","","","","","","","","","","","","","","","","","","","","",Location/geography,"",food quality is a key factor when farmers in Ethiopia are selecting landraces 
449,Derese 2018,"The impact of drought on sorghum production, and farmer's varietal and trait preferences, in the north eastern Ethiopia: implications for breeding",Consensus,10.1080/09064710.2017.1418018,"The impact of drought on sorghum production,  and farmer's varietal and trait preferences, in the north eastern Ethiopia: implications for breeding","Acta Agriculturae Scandinavica, Section B — Soil & Plant Science",2018,Research article,Ethopia,2014-2015,"To determine the impact of drought on sorghum production and productivity over time and space, and to identify farmers' trait preferences, production constraints and coping strategies when dealing with drought in north eastern Ethiopia.","North Wello, South Wello, Oromia Special",Sorghum,Qualitative study,Interview; Focus group; Survey/questionnaire; Ranking; Observations,Participatory Rural Appraisal (PRA),"Descriptive statistics
Ranking analysis, chi-square, one tailed t-test",SAS; SPSS,180,Farmer/grower,"End-use quality (baking, malting, etc.)",Yes,"Injera, Qollo, Nifro, Porridge, Kitta, Tela, Areki, chapatti","",Sorghum,Ethiopia,Farmer,food making quality,good,"","","","","","","","","","","","","","","","","","","","","","","","","","","","","","","","","","","","","","","","","","","","","","","","","","","","","","","","","","","","","","","","","",None reported,"","The study found that good food making quality is a top-tier preference for Ethiopian farmers, ranked as the second most important trait category after high yield, with 100% of respondents prioritizing it."
436,Mengistu 2019,"Assessment of farmers' perceptions of production constraints, and their trait preferences of sorghum in western Ethiopia: implications for anthracnose resistance breeding",Consensus,10.1080/09064710.2018.1541190,"Assessment of farmers' perceptions of production constraints, and their trait preferences of sorghum in western Ethiopia: implications for anthracnose resistance breeding","Acta Agriculturae Scandinavica, Section B — Soil & Plant Science",2019,Research article,Ethiopia,November to December 2016,"assess farmers' perception, preferences and constraints affecting sorghum production and productivity in western Ethiopia","East Wellega and West Shewa, Oromia Regional State of Ethiopia",Sorghum; Teff,Qualitative study,Interview; Focus group; Survey/questionnaire,"","frequencies, percentages, Chi-square, t-tests",SPSS,165 interviewed farmers; 180 focus group participants.,Farmer/grower,"",Yes,"","",Sorghum,Ethiopia,Farmer,threshability,easy to thresh,"","",Sorghum,Ethiopia,Farmer,Seed Color,White and light yellow ,"","","","","","","","","","","","","","","","","","","","","","","","","","","","","","","","","","","","","","","","","","","","","","","","","","","","","","","","","","",Location/geography,"",poor threshability and food quality leads to a variety not being preferred
404,Mulatu 2001,Participatory varietal selection in lowland sorghum in eastern Ethiopia: Impact on adoption and genetic diversity,Consensus,10.1017/S001447970100203,Participatory Varietal Selection in Lowland Sorghum in Eastern Ethiopia: Impact on Adoption and Genetic Diversity ,Experimental Agriculture ,"November 9, 2000",Research article,Ethiopia,1995-1997,Determine farmer constraints and opportunities in growing sorghum and evaluate impacts of farmer selection of sorghum varieties on adoption and genetic diversity,Harari Region (Kile-Bisidimo plains) ,Sorghum,Mixed methods,Survey/questionnaire; Ranking; Participatory plant breeding,pairwise matrix ranking,ANOVA ; summary scoring table ,No/not reported,"",Farmer/grower,"Size and shape; Color; Grain morphology (e.g. pericarp thickness); Sensory (aroma, taste, appearance, etc.); Milling/processing quality; End-use quality (baking, malting, etc.)",Yes,"nifro, injera","",Sorghum,Ethiopia,Farmers/growers,Size,Large,More important for men,"",Sorghum,Ethiopia,Farmers/growers,Color,White,Important for women and men,"",Sorghum,Ethiopia,Farmers/growers,"Taste, food quality",Good quality for injera,Important for women and men,"",Sorghum,Ethiopia,Farmers/growers,"Milling Quality, morphology","Easy to dehull and crush, thin pericarp",More important for women,"","","","","","","","","","","","","","","","","","","","","","","","","","","","","","","","","","","","","","","","","","","",Gender,"Women conducted post-harvest evaluations while men performed preharvest evaluations, leading to different relative importances of grain traits, while there was some overlap.","Men and women farmers prefer large white sorghum grain varieties with great taste, and women prioritize processing characteristics too. Farmer preferences were shown to change across seasons as well."
400,Yahaya 2022,"Sorghum production in Nigeria: opportunities, constraints, and recommendations",Consensus,10.1080/09064710.2022.2047771,"Sorghum production in Nigeria: opportunities, constraints, and recommendations","Acta Agriculturae Scandinavica, Section B — Soil & Plant Science",10 March 2022,Research article,Nigeria,2018-2019,"The study employed Participatory Rural Appraisal (PRA) methodology to identify farmer-preferred traits, which include high yield, drought tolerance, Striga resistance, and grain quality/taste as critical attributes for variety selection in Northern Nigeria ","Sub-humid Southern Guinea Savannah, the Northern Guinea Savannah and the Sahel Savannah.
North-West, North-Central and North-East",Sorghum,Qualitative study,Interview; Focus group; Survey/questionnaire,Rank analysis using Kendall's coefficient of concordance (W) for analyzing farmers' perceived production constraints,"cross-tabulation, Descriptive statistics, percentages, χ2 values and Kruskal–Wallis test (H-test), Kendall’s coefficient of concordance",SPSS,"250 survey, 145 FGD",Farmer/grower,"Size and shape; Color; Sensory (aroma, taste, appearance, etc.); End-use quality (baking, malting, etc.)",Yes,"Food consumption - Tuwo (thick porridge), Kamu/Ogi (flour paste), fermented pancakes, roasted grain
Malting and brewing - Fermented for local brewing products ","",Sorghum,Nigeria,Farmer,taste,good,Most important in north west,"",Sorghum,Nigeria,Farmer,Color,"yellow, white","","",Sorghum,Nigeria,Farmer,Size,large,"","","","","","","","","","","","","","","","","","","","","","","","","","","","","","","","","","","","","","","","","","","","","","","","","","","",Age; Location/geography, Age-related Preferences: Younger farmers (21-45 years) dominated sorghum production and were expected to be more flexible to adopting improved varieties with desired grain quality traits,Farmers in Nigeria prefer Sorghum with large white or yellow grain with good taste.
370,Burton 2025,Landrace diversity and heritage of the indigenous millet crop fonio (Digitaria exilis): Socio-cultural and climatic drivers of change in the Fouta Djallon region of Guinea,Consensus,10.1002/ppp3.10490,"Landrace diversity and heritage of the indigenous millet crop
fonio (Digitaria exilis): Socio-cultural and climatic drivers of
change in the Fouta Djallon region of Guinea","Plants, People, Planet",11 December 2023,Research article,Guinea,Autumn 2022 ,"1) Research landrace diversity of fonio (and other crops) in Fouta Djallon agricultural systems, 
2) explore traditional practices (including harvesting/processing/food preparation), and 
3) assess changes/causes of crop and landrace popularity past vs present.","Fouta Djallon region, towns of Mamou, Dalaba, Pita, Labe, and Mali",Fonio,Qualitative study,Interview; Survey/questionnaire,"","",R; Excel,"123 interview participants (24 identified as female, ~20%).",Farmer/grower; Consumer; Processor/miller,"Size and shape; Color; Sensory (aroma, taste, appearance, etc.); Milling/processing quality",Yes,"","",Fonio,Guinea,Farmer/grower,Taste,Sweet,"","",Fonio,Guinea,Farmer/grower,Grain size,Big grains,"","","","","","","","","","","","","","","","","","","","","","","","","","","","","","","","","","","","","","","","","","","","","","","","","","","","","","","","","","",Location/geography,"",Certain listed varieties are sweeter in taste and therefore preferred 
356,Andiku 2021,Assessment of sorghum production constraints and farmer preferences for sorghum variety in Uganda: implications for nutritional quality breeding,Consensus,10.1080/09064710.2021.1944297,"Assessment of sorghum production constraints
and farmer preferences for sorghum variety
in Uganda: implications for nutritional quality
breeding","Acta Agriculturae Scandinavica, Section B — Soil & Plant Science",July 16 2021,Research article,Uganda,2019,Assess the sorghum production constraints and farmer preferences for sorghum variety in Uganda to guide Nutritional quality breeding,"Bukedea, Kumi, Gulu, Oyam",Sorghum,Qualitative study,Interview; Focus group; Survey/questionnaire; Ranking,"","Chi-square, pairwise ranking, principal component analysis",SPSS; Excel,183,Farmer/grower,"Size and shape; Starch, protein, tannins, fiber, and/or fat; Micronutrients; Color; Sensory (aroma, taste, appearance, etc.); Milling/processing quality; End-use quality (baking, malting, etc.); Storability",Yes,"Baking, brewing","",Sorghum ,Uganda,Farmer/grower,Tannins,Low levels of tannins,"",PC2=0.53,Sorghum,Uganda,Farmer/grower,color,brown to light red,"",PC1=0.78,Sorghum,Uganda,Farmer/grower,baking quality,enhanced,"",PC1=0.94,Sorghum,Uganda,Farmer/grower,Storage shelf life,long,"",PC2=-0.93,Sorghum,Uganda,Farmer/grower,Taste and aroma,good,"",PC1=0.54,Sorghum,Uganda,Farmer/grower,nutrients,high,"",PC1=-0.81,Sorghum,Uganda,Farmer/grower,grain size,large,"",PC2=-0.84,Sorghum,Uganda,Farmer/grower,Processability,easy,"","PC1= 0.65, PC2=0.76","","","","","","","","","","","","","","",None reported,"","Farmers preferred some specific quality attribute; baking quality, nutrition, brown to light red seed colour, easy to process and good taste and aroma"
345,Dansi 2010,"Diversity, conservation and related wild species of Fonio millet (Digitaria spp.) in the northwest of Benin",Consensus,10.1007/s10722-009-9522-3,"Diversity, conservation and related wild species of Fonio millet (Digitaria spp.) in the northwest of Benin",Genetic Resources and Crop Evolution ,20 January 2010,Research article,Benin,"","1. Assess the diversity of fonio at both community and household levels 
2. Identify farmers’ variety preference and selection criteria
3. Understand the traditional seed system and on farm seed maintenance
4. Document the farmers’ knowledge on the wild relatives of fonio
5. Collect germplasm for ex situ conservation","northwest of Benin (Boukoumbe´, Cobli, Kouande´, Materi, Natitingou,
Tanguieta and Toukountouna.)",Fonio,Qualitative study,Interview; Focus group; Survey/questionnaire; Observations,"Participatory Research Appraisal, Four Squares Analysis, Matrix Scoring Technique","Descriptive statistics, Bernoulli variables, Pairwise distances, Unweighted Pair-Group Method with Arithmetic Average Cluster Analysis ",SAS; Other: NTSYS-pc 2.2 Software,"15 villages for group interviews, 20 for individual interviews, 160 for Lamba comparisons, 120 for Ditamari comparisons",Farmer/grower,"Color; Digestibility; Milling/processing quality; End-use quality (baking, malting, etc.); Storability",Yes,"Fonio paste, flour production","",Fonio,"Benin
",Farmer/grower,"End-use quality (baking, malting, etc.)","soft, white, delicious",men place less importance ,"Men = 10.6%
Women = 34.4%",Fonio,Benin,Farmer/grower,Milling/processing quality,thin and soft bran ,women place more importance,"Men = 6.4%
Women = 26.9%",Fonio,Benin,Farmer/grower,Size and shape,larger grains,women place more importance,"Men = 7.8%
Women = 8.6%","","","","","","","","","","","","","","","","","","","","","","","","","","","","","","","","","","","","","","","","","","","","","","","","","",Gender; Location/geography,consider gender differences when selecting landraces ; compare regional differences in what they call their fonio landraces ,substantial amount of fonio diversity is maintained ; landraces to be cultivated are chosen on criteria that vary primarily by gender 
321,Trouche 2009,GIVING NEW SORGHUM VARIETY OPTIONS TO RESOURCE-POOR FARMERS IN NICARAGUA THROUGH PARTICIPATORY VARIETAL SELECTION,Consensus,10.1017/S001447970999041X,GIVING NEW SORGHUM VARIETY OPTIONS TO RESOURCE-POOR FARMERS IN NICARAGUA THROUGH PARTICIPATORY VARIETAL SELECTION,Experimental Agriculture,28 August 2009,Research article,Nicaragua,2002-2007,To identify new varieties of white-grain sorghum that match small farmers’ needs in Nicaragua.,"Madriz, Matagalpa, and Chinandega provinces",Sorghum,Qualitative study,Focus group; Ranking; Hedonic scale; Participatory plant breeding; Cooking quality test,"","Spearman correlations, chi^2, ANOVA",Other: XLSTAT,"",Farmer/grower,"Milling/processing quality; End-use quality (baking, malting, etc.)",Yes,tortillas,"",Sorghum,Nicaragua,Farmer,Grain size,Large grains,"",Most important (ranked 2nd),Sorghum,Nicaragua,Farmer,End use quality,good for tortillas,"",Less important (ranked 6th),"","","","","","","","","","","","","","","","","","","","","","","","","","","","","","","","","","","","","","","","","","","","","","","","","","","","","","","","",None reported,"",Farmers in Nicaragua prefer large sorghum grains
305,Drabo 2019,IDENTIFYING FARMERS' PREFERENCES AND CONSTRAINTS TO PEARL MILLET PRODUCTION IN THE SAHEL AND NORTH-SUDAN ZONES OF BURKINA FASO,Consensus,10.1017/S0014479718000352,IDENTIFYING FARMERS’ PREFERENCES AND CONSTRAINTS TO PEARL MILLET PRODUCTION IN THE SAHEL AND NORTH-SUDAN ZONES OF BURKINA FASO,Experimental Agriculture ,September 4th 2018 ,Research article,Burkina Faso ,2015,identify farmers' preferences for pearl millet varieties and production constraints in the major production environments of Burkina Faso ,Sahel and North-Sudan zones,Pearl millet,Qualitative study,Focus group; Survey/questionnaire; Ranking,"",Shapiro-Wilk test ; pair-wise method ,SPSS,61,Farmer/grower,Size and shape; Color,No,"","",Pearl Millet,Burkina Faso,Farmer/grower,grain color,white or grey colored grain over yellow ,"","",Pearl Millet,Burkina Faso,Farmer/grower,grain size,large,"","","","","","","","","","","","","","","","","","","","","","","","","","","","","","","","","","","","","","","","","","","","","","","","","","","","","","","","","","",None reported,"",Pearl millet farmers in Burkina Faso prefer large white/grey grain.
303,Pallante 2016,Assessing the potential for niche market development to contribute to farmers' livelihoods and agrobiodiversity conservation: Insights from the finger millet case study in Nepal,Consensus,10.1016/j.ecolecon.2016.06.017,Assessing the potential for niche market development to contribute to farmers' livelihoods and agrobiodiversity conservation: Insights from the finger millet case study in Nepal,Ecological Economics,13 July 2016,Research article,Nepal,2012,assess the magnitude of these private consumption externalities by determining the degree to which urban Nepalese consumers may be willing to pay a price premium for finger millet products that would in turn be sufficient to compensate farmers for their opportunity cost of maintaining this crop in their production systems ,"Consumer Choice Experiment Location:  Pokhara (Kaski District)
Farmer Survey Locations: Arba Vijaya, Lekhnath, and Pumdibhumdi",Finger millet,Mixed methods,Interview; Survey/questionnaire; Choice experiment; Willingness to pay; Case study,Lancaster's characteristics theory of value and random utility theory of Luce and McFadden,"random utility model, conditional logit, mixed logit models, latent class model, descriptive statistics",No/not reported,"180 households survey, 213 choice",Farmer/grower; Consumer; Processor/miller; Distribution/retailer/trader,Other: Sugar,Yes,"Subsistence consumption by rural farmers
Urban niche market flour products (primary focus)","",Finger millet,Nepal,Consumer,Sugar content,low,more important to wealthy and those who have a diabetic in the family,"","","","","","","","","","","","","","","","","","","","","","","","","","","","","","","","","","","","","","","","","","","","","","","","","","","","","","","","","","","","","","","","",Class/income; Household size; Education; Other: Diabetic,"",Consumers in Nepal prefer finger millet with low sugar content
300,Baidu-Forson 1997,On-station farmer participatory varietal evaluation: A strategy for client-oriented breeding,Consensus,10.1017/S001447979700015X,On-Station Farmer Participatory Varietal Evaluation: A Strategy For Client-Oriented Breeding ,Experimental Agriculture ,February 28 1996,Research article,Niger,1993-1994,"Reports farmer evaluations of advanced stage varieties and a local cultivar of pearl millet grown under the same conditions 
Identify advanced stage varieties of millet that have the plant and grain traits required by farmers in western Niger ","Western Niger (Sadieze Koira, Samari, Berkiawel, Libore, Dogol Kaina, Kare)",Pearl millet,Experimental study,Survey/questionnaire; Participatory plant breeding; Sensory evaluation/taste testing,"","Chi-Squared test, iterative binomial logistic analysis, changes in deviations ratios, Fishers exact test ",No/not reported,30,Farmer/grower; Chef/brewer/home cook,Size and shape; Color,Yes,"Porridge, To","",Pearl Millet,Niger,Farmer/grower,grain size,larger,"",22/30 Farmers,Pearl Millet,Niger,Farmer/grower,Color,"yellow or white, not grey","","",Pearl Millet,Niger,Farmer/grower,Shape,Round over oval,"","","","","","","","","","","","","","","","","","","","","","","","","","","","","","","","","","","","","","","","","","","","","","","","","","","",None reported,"",Farmers in Niger prefer large White or Yellow round grain
294,vomBrocke 2010,Participatory variety development for sorghum in Burkina Faso: Farmers' selection and farmers' criteria,Consensus,10.1016/j.fcr.2010.07.005,Participatory variety development for sorghum in Burkina Faso: Farmers’ selection and farmers’ criteria,Field Crops Research,5 July 2010,Research article,Burkina Faso,2001-2003,identify and examine farmers’ selection criteria for sorghum varieties in the Centre-West of Burkina Faso,"Somé in the Boulkiemdé province, Pouni (Sanguié province)",Sorghum,Mixed methods,Focus group; Ranking; Hedonic scale; Participatory plant breeding,"","ANOVA, proportional odds model, logistic regression","SAS; Other:  XL-STAT, PLABSTAT","",Farmer/grower,"Size and shape; Color; Hardness; Grain morphology (e.g. pericarp thickness); End-use quality (baking, malting, etc.)",No,to,"",Sorghum,Burkina Faso,Farmer/grower,grain color,white,"","",Sorghum,Burkina Faso,Farmer/grower,grain size,large,"","",Sorghum,Burkina Faso,Farmer/grower,endosperm texture,vitreous,"","",Sorghum,Burkina Faso,Farmer/grower,flour yield,high,important to women,"",Sorghum,Burkina Faso,Farmer/grower,hardness,hard,"","","","","","","","","","","","","","","","","","","","","","","","","","","","","","","","","","","","","",Gender,grain hardness is directly linked to tô preparation and(in rural areas) women are concerned with household food preparation. ,"Farmers in Burkina Faso Prefer sorghum grain that is white, large, hard, and vitreous. Women desire traits that influence decortication loss."
293,Zimba 2025,Gender differential in choices of crop variety traits and climate-smart cropping systems: Insights from sorghum and millet farmers in drought-prone areas of Malawi,Consensus,10.1002/ppp3.10467,Gender differential in choices of crop variety traits and climate-smart cropping systems: Insights from sorghum and millet farmers in drought-prone areas of Malawi,Plants People Planet,2023,Research article,Malawi,2021-2022,gender-differentiated trait preferences and decision-making on cropping practices of sorghum and pearl millet producers in southern Malawi,"Nsanje and Chikwawa, Lower Shire Valley",Sorghum; Pearl millet,Mixed methods,Interview; Focus group; Survey/questionnaire; Other: Expert stakeholder consultation,"","Chi-square, thematic framework analysis",SPSS; Excel,"152 households, 10 KII, 20-24 FGD",Farmer/grower; Consumer,"Size and shape; Color; Sensory (aroma, taste, appearance, etc.); End-use quality (baking, malting, etc.); Storability",Yes,flour,"",Pearl millet,Malawi,Farmer,Grain color,reddish,Gender,"",Sorghum,Malawi,Farmer,Size,large,men value more,"","","","","","","","","","","","","","","","","","","","","","","","","","","","","","","","","","","","","","","","","","","","","","","","","","","","","","","","","",Gender,Women more focused on end use,Farmers in Malawi prater reddish large grain to different extents depending on gender.
245,GesareTimu 2013,The Role of Varietal Attributes on Adoption of Improved Seed Varieties. The Case of Sorghum in Kenya,Consensus,"",The Role of Varietal Attributes on Adoption of Improved Seed Varieties. The Case of Sorghum in Kenya,International Conference of the African Association of Agricultural Economists,"September, 2013",Conference proceedings,Kenya,"","This paper examines the effect of variety attributes on adoption of improved sorghum varieties in 
Kenya.","Mbeere South County, Kenya",Sorghum,Other: Quantitative,Not reported/uncertain,"","multivariate probit regression, Wald test statistics",No/not reported,140,Farmer/grower,"Sensory (aroma, taste, appearance, etc.); End-use quality (baking, malting, etc.)",Yes,"food, brew","",Sorghum,Kenya,Farmer/grower,Taste,Good Taste,"",p-value of 0.059 for selecting Kimbeere variety with good taste,Sorghum,Kenya,Farmer/grower,Ease of Cooking,Easy to cook,"",p-values of 0.019 and 0.017 for selecting Gadam and Serena varieties with improved ease of cooking,Sorghum,Kenya,Farmer/Grower,Brewing Quality,Easy to brew,"",p-values of 0.048 for selecting Gadam variety with improved brewing quality,"","","","","","","","","","","","","","","","","","","","","","","","","","","","","","","","","","","","","","","","","","","","","","","","","",None reported,"",Sorghum farmers in Kenya prefer varieties that are easy to cook and are of good quality for brewing.
218,Mafuru 2008,Consumer Perception of Sorghum Variety Attributes in the Lake Zone Tanzania,Consensus,"",Consumer Perception of Sorghum Variety Attributes in the Lake Zone Tanzania,AAAE,2007,Conference proceedings,Tanzania,"","evaluate the acceptability of improved (Macia, Tegemeo, Pato) and local (Weigita and Gudungu) sorghum varieties based on variety attributes preferred by consumers of sorghum-based food (ugali)",Lake zone Tanzania,Sorghum,Qualitative study,Focus group; Survey/questionnaire; Ranking; Sensory evaluation/taste testing,logistical preference ranking analysis,"OLS, Conjoint analysis,  logistical preference analysis",No/not reported,"70 FGD, 231 tasters",Consumer,"Color; Sensory (aroma, taste, appearance, etc.)",Yes,Ugali,"",Sorghum,Tanzania,Consumer,Color,white or khaki,"","",Sorghum,Tanzania,Consumer,Flour texture,"fine flour, not coarse","","",Sorghum,Tanzania,Consumer,Taste,neutral,"","","","","","","","","","","","","","","","","","","","","","","","","","","","","","","","","","","","","","","","","","","","","","","","","","","",Other: Rural/urban,"","Consumers in the Lake Zone Tanzania, prefer white/khaki sorghum with a neutral taste and fine flour."
178,Ajibade 2022,Varietal choices and traits preferences among Pearl Millet Value Chain Actors in Nigeria and Mali: A Gendered Perspective,Consensus,"","Varietal choices and traits preferences among Pearl Millet Value Chain Actors in Nigeria and Mali: A 
Gendered Perspective","2022 Agricultural & Applied Economics Association 
Annual Meeting",2022,Other: Poster,"Nigeria, Mali","","Firstly, we identified the socioeconomics determinants of pearl millet farmers’ varietal choices. Secondly, we investigated the systemic relationship of variables inducing women and men farmers’ varietal choice behavior; and lastly, we examined the gendered trait preferences of the value chain actors",Nigeria and Mali,Pearl millet,Mixed methods,Focus group; Survey/questionnaire,"","multinomial logit regression model, System dynamics modelling",No/not reported,1347,Farmer/grower; Consumer,"Color; Milling/processing quality; End-use quality (baking, malting, etc.)",No,"","",Pearl Millet,Nigeria and Mali,Farmer/grower,threshability ,ease of threshing,Women,67%,Pearl Millet,Nigeria and Mali,Farmer/grower,flour yield,high,Women,67% ,Pearl Millet,Nigeria and Mali,Farmer/grower,cooking ability,cause of cooking,Women ,67%,"","","","","","","","","","","","","","","","","","","","","","","","","","","","","","","","","","","","","","","","","","","","","","","","","",Gender,"","Grain quality, ease of cooking, food texture/consistency, high flour yield, docortication/threshing ease, grain color, and adaptation to low soil fertility stood our as gender-specific factors influencing varietal choice for women. "
168,Basavaraj 2015,Understanding Trait Preferences of Farmers for Post-Rainy Sorghum and Pearl Millet in India--A Conjoint Analysis,Consensus,"",Understanding Trait Preferences of Farmers for Post-Rainy Sorghum and Pearl Millet in India – A Conjoint Analysis ,Indian Journal of Agricultural Economics,March 2015,Research article,India,2013,quantify the varietal attributes preferred by the farmers for post-rainy sorghum and pearl millet using conjoint analysis technique,Solapur district in western Maharashtra and Jodhpur district of Rajasthan,Sorghum; Pearl millet,Qualitative study,"Survey/questionnaire; Ranking; Other: pictorial cards, market simulation","Information Integration Theory, Bradley-Terry-Luce (BTL) ","conjoint analysis, Bradley-Terry-Luce (BTL) and Logit models ",No/not reported,200,Farmer/grower,Size and shape; Color,Yes,roti,"",Sorghum,India,Farmer/grower,Grain color,white,"",Utility score = 0.843,Sorghum,India,Farmer/grower,Grain size,large,"",Utility score = 0.671,Pearl Millet,India,Farmer/grower,Grain color,grey,"",Utility score = 0.085,Pearl Millet,India,Farmer/grower,Grain size,medium,"",Utility score = 0.304,Pearl Millet,India,Farmer/grower,Grain shape,obviate,"",Utility score = 0.117,"","","","","","","","","","","","","","","","","","","","","","","","","","","","","","","","","","","",None reported,"","Large grain size (over 10 gm/1000 grain) and white grain colour were the most preferred traits by farmers growing post-rainy season sorghum. For millet, farmers desired medium sized grain size, grey colour, and obviate shape."
162,Cardona 2018,Farmers attitudes towards GMO crops: comparison of attitudes towards first and second generation crops in Burkina Faso,Consensus,"","Farmers attitudes towards GMO crops: comparison of 
attitudes towards first and second generation crops in 
Burkina Faso",International Association of Agricultural Economists,2018,Conference proceedings,Burkina Faso,2015-2016,"To evaluate the preferences of farmers in Burkina Faso for two types of GM innovations: Bt cotton (first generation, input traits) and biofortified sorghum (second generation, output traits).","Dedougou, Bobo, and Diebougou districts",Sorghum,Experimental study,Survey/questionnaire; Choice experiment; Willingness to pay,D-efficiency choice set experimental design,"Conditional Logit modeling for willingness to pay estimates, ",SAS,150,Farmer/grower,Micronutrients,No,"","",Sorghum,Burkina Faso,Farmer/grower,Micronutrients,"Positive preference for increased micronutrients (Iron, Zinc, Vit A)","",3.3835 Logit Regression Utility coefficient; Willingness to pay of 105% of the status quo price,"","","","","","","","","","","","","","","","","","","","","","","","","","","","","","","","","","","","","","","","","","","","","","","","","","","","","","","","","","","","","","","",None reported,"",Farmers are very open to the addition of micronutrients to the sorghum. Farmers seem to dislike the fact that the crop is developed and commercialized purely by the private sector
160,Businge 2020,"Gender and the conservation of traditional crop varieties: the case of traditional sorghum in Agago District, Uganda",Consensus,10.19268/JGAFS.512020.3,"Gender and the conservation of traditional crop varieties: the case of traditional sorghum in Agago District, Uganda",AgriGender,2020,Research article,Uganda,2017-2018,"To investigate the gender dynamics in on-farm conservation of traditional sorghum varieties in Agago District, Northern Uganda, by looking at gender roles and gendered trait preferences.","Agago District, Northern Uganda (Sub-counties: Parabong, Wol, Lapono, Omiya Paciwa, Paimol, Kalongo).",Sorghum,Mixed methods,Interview; Focus group; Survey/questionnaire; Ranking,Harvard Analytical Framework,"Garrett ranking test, Mann-Whitney test",SPSS,"246 Survey respondents, 12 Focus Group Discussions",Farmer/grower; Consumer; Processor/miller,"Size and shape; Color; Sensory (aroma, taste, appearance, etc.); Milling/processing quality; End-use quality (baking, malting, etc.); Storability",Yes,"Bread, Brew, Sale (Grain and Brew)","",Sorghum,Uganda,Farmer/grower,Milling/processing quality,easy to mill on traditional grinding stone,Men place less importance,"Men: 107.3
Women: 124",Sorghum,Uganda,Farmer/grower,threshability,easy to thresh,Men place less importance,"Men: 103.1
Women: 126.7",Sorghum,Uganda,Farmer/grower,storability,Long storage,Gender,"Garrett Score: 49.5 (Men), 56.1 (Women)","","","","","","","","","","","","","","","","","","","","","","","","","","","","","","","","","","","","","","","","","","","","","","","","","",Gender,Women’s high engagement in these processing activities. Women’s reduced labor burden during the processing of traditional sorghum varieties can likely foster the conservation of some of these varieties,"Women ranked marketability as their most desirable trait, Men ranked bread taste highest (72.1).
Women attach more importance to ""ease to grind"" and ""thresh ability"",  due to their higher labor engagement in these tasks.
Varieties difficult to thresh or grind are being discarded by women"
157,Chaturvedi 2011,"Quality Indices, Preferences and Quality Rating Method for Sorghum Grain as Derived from their Relationship to Grain Market Price",Consensus,"","Quality Indices, Preferences and Quality Rating Method for Sorghum Grain as Derived from their Relationship to Grain Market Price",Indian Journal of Agricultural Economics,Jan 2011,Research article,India,2006-2007,"Determine levels of grain physical traits (size, hardness, % normal/damaged/insect-eaten, 100-seed weight, weight categories) and proximate composition across samples with different market prices. 
Identify which quality parameters are most important in determining market price. 
Develop an objective quality indexing / rating system based on the relationship between trait levels and market prices. ",Hyderabad,Sorghum,Other: Quantitative,Market data analysis/hedonic pricing,"","Correlation analysis, step-down regression, path analysis. 
Preferred levels identified by correlation sign and by examining market price distribution over trait ranges. 
Quality rating/index constructed from price-derived scores; compared with regression-based approach",Other: Genstat,2,Consumer; Distribution/retailer/trader,"Size and shape; Starch, protein, tannins, fiber, and/or fat; Color; Hardness",No,"","",Sorghum,India,Consumer,grain size,large,"","",Sorghum,India,Consumer,carbohydrate content,"high, 75.2 – 76.1% and 79.1 – 83.54%","","",Sorghum,India,Consumer,hardness,hard,"","",Sorghum,India,Trader,hardness,hard,"","",Sorghum,India,Consumer,moisture,< 12%,"","",Sorghum,India,Consumer,protein,"lower, 4.9 – 7.3%","","",Sorghum,India,Consumer,crude fiber,lower,"","",Sorghum,India,Consumer,grain length,4.06-4.65 mm and 3.36 to 3.65 mm,"","","","","","","","","","","","","","","","",None reported,"","Market price was strongly associated with higher % normal grains and larger/heavier grain (higher 100-seed weight), and negatively associated with mold damage and higher crude fiber. 
Regression indicated normal grains + 100-seed weight + crude fiber together explained ~56% of price variation and were highlighted as priority breeding/quality-improvement traits. 
The paper proposes a market-price-derived quality rating/indexing system (Figures 1–2) to score grain samples based on preferred ranges of multiple characteristics."
150,Henry 2017,Participatory Variety Selection for enhanced promotion and adoption of improved finger millet varieties: A case for Singida and Iramba Districts in Central Tanzania,Consensus,"",Participatory Variety Selection for enhanced promotion and adoption of improved finger millet varieties: A case for Singida and Iramba Districts in Central Tanzania,African Journal of Rural Development,January 2017,Research article,Tanzania,"","This paper discusses selected results in Central Tanzania 
where PVS was used as an approach in the identification, evaluation, release and promotion of finger millet varieties. In Tanzania finger millet is a major staple crop among the resource poor farmers. ",Singida and Iramba districts in central Tanzania,Finger millet,Qualitative study,Focus group; Ranking; Hedonic scale; Participatory plant breeding,"",ANOVA,Other: Genstat,"",Farmer/grower,"Size and shape; Color; Sensory (aroma, taste, appearance, etc.); End-use quality (baking, malting, etc.)",Yes,Fermenting,"",Finger Millet,Tanzania,Farmer,Grain size,Large,"","",Finger Millet,Tanzania,Farmer,Grain color,"Red, dark colors","","",Finger Millet,Tanzania,Farmer,Fermentability,Good,"","","","","","","","","","","","","","","","","","","","","","","","","","","","","","","","","","","","","","","","","","","","","","","","","","","",Gender,Women were more knowledgeable than men about grain quality traits. This resulted in different rankings for different varieties but did not seem to be directly tied to different grain quality trait preferences.,Farmers in Tanzania consider taste then color and then fermentability in their finger millet crops. They tend to prefer large grains with red or brown color. Brown is particularly prefered for porridge or beer.
101,Umesh 2018,Ex-ante attribute based technology development in agriculture: A case of finger millet in India,Consensus,"",Ex-ante attribute based technology development in agriculture: A case of finger millet in India,International Conference of Agricultural Economists,2018,Conference proceedings,India,2014-2015,"Identify the traits that farmers prefer in new finger millet variety, which the panel of scientists would be developing as part of the Indo-Swiss Collaboration in Biotechnology (ISCB) project in Karnataka State ",Karnataka,Finger millet,"",Interview; Survey/questionnaire; Ranking; Market data analysis/hedonic pricing,Garrett ranking techniques,conjoint analysis,SPSS,240,Farmer/grower,Color,No,dumpling,"",Finger millet,India,Farmer,grain color,red,"","","","","","","","","","","","","","","","","","","","","","","","","","","","","","","","","","","","","","","","","","","","","","","","","","","","","","","","","","","","","","","","","",None reported,"",Farmers from India prefer red grain finger millet and dislike white grain color
